[{"model": "contenttypes.contenttype", "pk": 1, "fields": {"app_label": "admin", "model": "logentry"}}, {"model": "contenttypes.contenttype", "pk": 2, "fields": {"app_label": "auth", "model": "permission"}}, {"model": "contenttypes.contenttype", "pk": 3, "fields": {"app_label": "auth", "model": "group"}}, {"model": "contenttypes.contenttype", "pk": 4, "fields": {"app_label": "contenttypes", "model": "contenttype"}}, {"model": "contenttypes.contenttype", "pk": 5, "fields": {"app_label": "sessions", "model": "session"}}, {"model": "contenttypes.contenttype", "pk": 6, "fields": {"app_label": "knox", "model": "authtoken"}}, {"model": "contenttypes.contenttype", "pk": 7, "fields": {"app_label": "users", "model": "user"}}, {"model": "contenttypes.contenttype", "pk": 8, "fields": {"app_label": "roles", "model": "role"}}, {"model": "contenttypes.contenttype", "pk": 9, "fields": {"app_label": "profiles", "model": "profile"}}, {"model": "contenttypes.contenttype", "pk": 10, "fields": {"app_label": "profiles", "model": "student"}}, {"model": "contenttypes.contenttype", "pk": 11, "fields": {"app_label": "profiles", "model": "teacher"}}, {"model": "contenttypes.contenttype", "pk": 12, "fields": {"app_label": "courses", "model": "coursedetail"}}, {"model": "contenttypes.contenttype", "pk": 13, "fields": {"app_label": "courses", "model": "course"}}, {"model": "contenttypes.contenttype", "pk": 14, "fields": {"app_label": "programs", "model": "field"}}, {"model": "contenttypes.contenttype", "pk": 15, "fields": {"app_label": "programs", "model": "program"}}, {"model": "contenttypes.contenttype", "pk": 16, "fields": {"app_label": "course_homes", "model": "coursehome"}}, {"model": "contenttypes.contenttype", "pk": 17, "fields": {"app_label": "course_homes", "model": "timeline"}}, {"model": "contenttypes.contenttype", "pk": 18, "fields": {"app_label": "exams", "model": "answer"}}, {"model": "contenttypes.contenttype", "pk": 19, "fields": {"app_label": "exams", "model": "question"}}, {"model": "contenttypes.contenttype", "pk": 20, "fields": {"app_label": "exams", "model": "exam"}}, {"model": "contenttypes.contenttype", "pk": 21, "fields": {"app_label": "lessons", "model": "lesson"}}, {"model": "contenttypes.contenttype", "pk": 22, "fields": {"app_label": "resources", "model": "resource"}}, {"model": "contenttypes.contenttype", "pk": 23, "fields": {"app_label": "tags", "model": "searchkeyword"}}, {"model": "contenttypes.contenttype", "pk": 24, "fields": {"app_label": "tags", "model": "tag"}}, {"model": "contenttypes.contenttype", "pk": 25, "fields": {"app_label": "courses", "model": "skill"}}, {"model": "contenttypes.contenttype", "pk": 26, "fields": {"app_label": "exams", "model": "abilitytest"}}, {"model": "contenttypes.contenttype", "pk": 27, "fields": {"app_label": "questions", "model": "question"}}, {"model": "contenttypes.contenttype", "pk": 28, "fields": {"app_label": "questions", "model": "questionkit"}}, {"model": "contenttypes.contenttype", "pk": 29, "fields": {"app_label": "questions", "model": "choice"}}, {"model": "contenttypes.contenttype", "pk": 30, "fields": {"app_label": "exams", "model": "userabilitytest"}}, {"model": "contenttypes.contenttype", "pk": 31, "fields": {"app_label": "exams", "model": "userresponse"}}, {"model": "contenttypes.contenttype", "pk": 32, "fields": {"app_label": "course_homes", "model": "learningtopic"}}, {"model": "contenttypes.contenttype", "pk": 33, "fields": {"app_label": "course_homes", "model": "topicasset"}}, {"model": "contenttypes.contenttype", "pk": 34, "fields": {"app_label": "course_homes", "model": "assignment"}}, {"model": "contenttypes.contenttype", "pk": 35, "fields": {"app_label": "course_homes", "model": "studentassignment"}}, {"model": "contenttypes.contenttype", "pk": 36, "fields": {"app_label": "exams", "model": "studentexam"}}, {"model": "contenttypes.contenttype", "pk": 37, "fields": {"app_label": "exams", "model": "questionresponse"}}, {"model": "contenttypes.contenttype", "pk": 38, "fields": {"app_label": "forums", "model": "threadresponse"}}, {"model": "contenttypes.contenttype", "pk": 39, "fields": {"app_label": "forums", "model": "thread"}}, {"model": "contenttypes.contenttype", "pk": 40, "fields": {"app_label": "forums", "model": "forum"}}, {"model": "sessions.session", "pk": "42wvkvfuilsng83dw95hsa45h6ae6icp", "fields": {"session_data": "YzBjNzg4NmY5NDRiNDEyMzA5MWY3MjU1NTljNTkwNDg2NjY5MTE5ODp7Il9hdXRoX3VzZXJfaWQiOiIxIiwiX2F1dGhfdXNlcl9iYWNrZW5kIjoidXNlcnMubW9kZWxfYmFja2VuZC5VY291cnNlTW9kZWxCYWNrZW5kIiwiX2F1dGhfdXNlcl9oYXNoIjoiYTdmNTgxYzcwNzkxYjFjNmQ0Y2RjMThmODExMDQ1NjMxMzY2NDUxOSJ9", "expire_date": "2020-04-14T15:09:44.965Z"}}, {"model": "sessions.session", "pk": "db8xsrp0eyp96ye08br9rs3k6y2tjx20", "fields": {"session_data": "YzBjNzg4NmY5NDRiNDEyMzA5MWY3MjU1NTljNTkwNDg2NjY5MTE5ODp7Il9hdXRoX3VzZXJfaWQiOiIxIiwiX2F1dGhfdXNlcl9iYWNrZW5kIjoidXNlcnMubW9kZWxfYmFja2VuZC5VY291cnNlTW9kZWxCYWNrZW5kIiwiX2F1dGhfdXNlcl9oYXNoIjoiYTdmNTgxYzcwNzkxYjFjNmQ0Y2RjMThmODExMDQ1NjMxMzY2NDUxOSJ9", "expire_date": "2020-04-09T16:05:17.398Z"}}, {"model": "sessions.session", "pk": "ddm583ia89fijlej5kdsrjzzbh1e9mng", "fields": {"session_data": "YzBjNzg4NmY5NDRiNDEyMzA5MWY3MjU1NTljNTkwNDg2NjY5MTE5ODp7Il9hdXRoX3VzZXJfaWQiOiIxIiwiX2F1dGhfdXNlcl9iYWNrZW5kIjoidXNlcnMubW9kZWxfYmFja2VuZC5VY291cnNlTW9kZWxCYWNrZW5kIiwiX2F1dGhfdXNlcl9oYXNoIjoiYTdmNTgxYzcwNzkxYjFjNmQ0Y2RjMThmODExMDQ1NjMxMzY2NDUxOSJ9", "expire_date": "2020-04-26T02:52:40.855Z"}}, {"model": "sessions.session", "pk": "eynckylvt52fv2o7u8fuly9nogfaaprh", "fields": {"session_data": "YzBjNzg4NmY5NDRiNDEyMzA5MWY3MjU1NTljNTkwNDg2NjY5MTE5ODp7Il9hdXRoX3VzZXJfaWQiOiIxIiwiX2F1dGhfdXNlcl9iYWNrZW5kIjoidXNlcnMubW9kZWxfYmFja2VuZC5VY291cnNlTW9kZWxCYWNrZW5kIiwiX2F1dGhfdXNlcl9oYXNoIjoiYTdmNTgxYzcwNzkxYjFjNmQ0Y2RjMThmODExMDQ1NjMxMzY2NDUxOSJ9", "expire_date": "2020-04-18T14:46:33.067Z"}}, {"model": "sessions.session", "pk": "j2b2x2cs3g7vnxwdkblwqot9rhx1fq0m", "fields": {"session_data": "YzBjNzg4NmY5NDRiNDEyMzA5MWY3MjU1NTljNTkwNDg2NjY5MTE5ODp7Il9hdXRoX3VzZXJfaWQiOiIxIiwiX2F1dGhfdXNlcl9iYWNrZW5kIjoidXNlcnMubW9kZWxfYmFja2VuZC5VY291cnNlTW9kZWxCYWNrZW5kIiwiX2F1dGhfdXNlcl9oYXNoIjoiYTdmNTgxYzcwNzkxYjFjNmQ0Y2RjMThmODExMDQ1NjMxMzY2NDUxOSJ9", "expire_date": "2020-05-14T04:45:01.696Z"}}, {"model": "sessions.session", "pk": "qxegcdxpappkwg4oy1os3bj5s910q71g", "fields": {"session_data": "ZTA1NDYzNjViYTY3MDc2ZDAwYjZiY2QzZmZhNTYzY2ExNWRmMzgxYjp7Il9hdXRoX3VzZXJfaWQiOiI1IiwiX2F1dGhfdXNlcl9iYWNrZW5kIjoidXNlcnMubW9kZWxfYmFja2VuZC5VY291cnNlTW9kZWxCYWNrZW5kIiwiX2F1dGhfdXNlcl9oYXNoIjoiMzZmZGNhMGY3ODkzZWI4MTA0ZDI2MjBiOTc5NGRjZTc2OTFmMGIxNiJ9", "expire_date": "2020-05-30T08:37:15.398Z"}}, {"model": "sessions.session", "pk": "xk1k7qj6w3wd94f4dl931ppsy4rxn5oo", "fields": {"session_data": "YzBjNzg4NmY5NDRiNDEyMzA5MWY3MjU1NTljNTkwNDg2NjY5MTE5ODp7Il9hdXRoX3VzZXJfaWQiOiIxIiwiX2F1dGhfdXNlcl9iYWNrZW5kIjoidXNlcnMubW9kZWxfYmFja2VuZC5VY291cnNlTW9kZWxCYWNrZW5kIiwiX2F1dGhfdXNlcl9oYXNoIjoiYTdmNTgxYzcwNzkxYjFjNmQ0Y2RjMThmODExMDQ1NjMxMzY2NDUxOSJ9", "expire_date": "2020-04-14T11:04:37.235Z"}}, {"model": "roles.role", "pk": 1, "fields": {"name": "Admin", "code": "AD", "created_date": "2020-03-26"}}, {"model": "roles.role", "pk": 2, "fields": {"name": "Teacher", "code": "TC", "created_date": "2020-03-26"}}, {"model": "roles.role", "pk": 3, "fields": {"name": "Student", "code": "SD", "created_date": "2020-03-26"}}, {"model": "roles.role", "pk": 4, "fields": {"name": "Teacher Assistant", "code": "TA", "created_date": "2020-03-26"}}, {"model": "courses.skill", "pk": 1, "fields": {"name": "Python", "code": "py"}}, {"model": "courses.skill", "pk": 2, "fields": {"name": "Javascript", "code": "js"}}, {"model": "courses.skill", "pk": 3, "fields": {"name": "SQL", "code": "sql"}}, {"model": "courses.skill", "pk": 4, "fields": {"name": "JSON", "code": "json"}}, {"model": "courses.skill", "pk": 5, "fields": {"name": "Backend", "code": "be"}}, {"model": "courses.skill", "pk": 6, "fields": {"name": "Frontend", "code": "fr"}}, {"model": "courses.skill", "pk": 7, "fields": {"name": "Regular Expression", "code": "regex"}}, {"model": "courses.skill", "pk": 8, "fields": {"name": "Problem Solving", "code": "ps"}}, {"model": "courses.skill", "pk": 9, "fields": {"name": "Web Development", "code": "wd"}}, {"model": "courses.skill", "pk": 10, "fields": {"name": "Html5", "code": "html5"}}, {"model": "courses.skill", "pk": 11, "fields": {"name": "Responsive", "code": "responsive"}}, {"model": "courses.skill", "pk": 12, "fields": {"name": "NodeJS", "code": "node"}}, {"model": "courses.skill", "pk": 13, "fields": {"name": "Testing", "code": "test"}}, {"model": "courses.skill", "pk": 14, "fields": {"name": "Machine Learning", "code": "ml"}}, {"model": "courses.skill", "pk": 15, "fields": {"name": "Programming Skill", "code": "programski"}}, {"model": "courses.coursedetail", "pk": 1, "fields": {"verbose_name": "Basic Python", "short_description": "", "full_description": "<p>Whether you want to:</p>\r\n\r\n<p>- build the skills you need to get your first&nbsp;Python programming job</p>\r\n\r\n<p>- move to a more senior software developer position</p>\r\n\r\n<p>- get started with Machine Learning, Data Science, Django or other hot areas that Python specialises in</p>\r\n\r\n<p>- or just learn Python to be able to create your own Python apps quickly.</p>\r\n\r\n<p>&hellip;then you need a solid foundation in Python programming. And this course is designed to give you those core skills, fast.</p>\r\n\r\n<p>This course is aimed at complete beginners who have never programmed before, as well as existing programmers who want to increase their career options by learning Python.</p>\r\n\r\n<p>The fact is, Python is one of the most popular programming languages in the world &ndash; Huge companies like Google use it in mission critical applications like Google Search.</p>\r\n\r\n<p>And Python is the number one language choice for machine learning, data science and artificial intelligence. To get those high paying jobs you need an expert knowledge of Python, and that&rsquo;s what you will get from this course.</p>\r\n\r\n<p>By the end of the course you&rsquo;ll be able to apply in confidence for Python programming jobs. And yes, this applies even if you have never programmed before. With the right skills which you will learn in this course, you can become employable and valuable in the eyes of future employers.</p>\r\n\r\n<p>Here&rsquo;s what a few students have told us about the course after going through it.</p>\r\n\r\n<p>&ldquo;I had very limited programming experience before I started this course, so I have really learned a lot from the first few sections. It has taken me from essentially zero programming skill to a level where I&#39;m comfortable using Python to analyze data for my lab reports, and I&#39;m not even halfway done the course yet. There are other courses out there which focus on data analysis, but those courses are usually targeted at people who already know how to program which is why I chose this course instead. &ldquo; &ndash; Christian DiMaria<br />\r\n<br />\r\n&ldquo;I have been puttering through your Python course . In that time, though, and without finishing it yet I&#39;ve been able to automate quite a bit at my work. I work in a school system and unifying data from our various student information systems can be incredibly frustrating, time consuming, and at times challenging. Using your course, I&#39;ve learned enough to write applications that turn massive text files into dictionaries that get &quot;stitched&quot; together like a database and output to properly formatted CSV files and then uploaded via SFTP to various systems for secure processing. Our teachers, students, and the tech department have greatly benefitted from this automation. I just wanted to drop you a note thanking you for helping me learn this skill.&rdquo; &ndash; Keith Medlin</p>", "course": 1, "benefits": "<ul>\r\n\t<li>Have a fundamental understanding of the Python programming language.</li>\r\n\t<li>Have the skills and understanding of Python to confidently apply for Python programming jobs.</li>\r\n\t<li>Acquire the pre-requisite Python skills to move into specific branches - Machine Learning, Data Science, etc..</li>\r\n\t<li>Add the Python Object-Oriented Programming (OOP) skills to your r&eacute;sum&eacute;.</li>\r\n\t<li>Understand how to create your own Python programs.</li>\r\n\t<li>Learn Python from experienced professional software developers.</li>\r\n\t<li>Understand both Python 2 and Python 3.</li>\r\n</ul>", "pre_requisites": null, "skills": [1, 15]}}, {"model": "courses.coursedetail", "pk": 2, "fields": {"verbose_name": "Intermediate Python", "short_description": "", "full_description": "<p>Whether you want to:</p>\r\n\r\n<p>- build the skills you need to get your first&nbsp;Python programming job</p>\r\n\r\n<p>- move to a more senior software developer position</p>\r\n\r\n<p>- get started with Machine Learning, Data Science, Django or other hot areas that Python specialises in</p>\r\n\r\n<p>- or just learn Python to be able to create your own Python apps quickly.</p>\r\n\r\n<p>&hellip;then you need a solid foundation in Python programming. And this course is designed to give you those core skills, fast.</p>\r\n\r\n<p>This course is aimed at complete beginners who have never programmed before, as well as existing programmers who want to increase their career options by learning Python.</p>\r\n\r\n<p>The fact is, Python is one of the most popular programming languages in the world &ndash; Huge companies like Google use it in mission critical applications like Google Search.</p>\r\n\r\n<p>And Python is the number one language choice for machine learning, data science and artificial intelligence. To get those high paying jobs you need an expert knowledge of Python, and that&rsquo;s what you will get from this course.</p>\r\n\r\n<p>By the end of the course you&rsquo;ll be able to apply in confidence for Python programming jobs. And yes, this applies even if you have never programmed before. With the right skills which you will learn in this course, you can become employable and valuable in the eyes of future employers.</p>\r\n\r\n<p>Here&rsquo;s what a few students have told us about the course after going through it.</p>\r\n\r\n<p>&ldquo;I had very limited programming experience before I started this course, so I have really learned a lot from the first few sections. It has taken me from essentially zero programming skill to a level where I&#39;m comfortable using Python to analyze data for my lab reports, and I&#39;m not even halfway done the course yet. There are other courses out there which focus on data analysis, but those courses are usually targeted at people who already know how to program which is why I chose this course instead. &ldquo; &ndash; Christian DiMaria<br />\r\n<br />\r\n&ldquo;I have been puttering through your Python course . In that time, though, and without finishing it yet I&#39;ve been able to automate quite a bit at my work. I work in a school system and unifying data from our various student information systems can be incredibly frustrating, time consuming, and at times challenging. Using your course, I&#39;ve learned enough to write applications that turn massive text files into dictionaries that get &quot;stitched&quot; together like a database and output to properly formatted CSV files and then uploaded via SFTP to various systems for secure processing. Our teachers, students, and the tech department have greatly benefitted from this automation. I just wanted to drop you a note thanking you for helping me learn this skill.&rdquo; &ndash; Keith Medlin</p>", "course": 2, "benefits": "", "pre_requisites": null, "skills": [1, 5, 8]}}, {"model": "courses.coursedetail", "pk": 3, "fields": {"verbose_name": "Advanced Python", "short_description": "", "full_description": "<p><strong>Become a Python Programmer and learn one of employer&#39;s most requested skills of 2020!</strong></p>\r\n\r\n<p>This is the&nbsp;<strong>most comprehensive, yet straight-forward, course for the Python programming language on Udemy!</strong>&nbsp;Whether you have never programmed before, already know basic syntax, or want to learn about the advanced features of Python, this course is for you! In this course we will&nbsp;<strong>teach you Python 3.&nbsp;</strong>(Note, we also provide older&nbsp;Python 2 notes in case you need them)</p>\r\n\r\n<p>With&nbsp;<strong>over 100 lectures</strong>&nbsp;and more than 20 hours of video this comprehensive course leaves no stone unturned! This course includes quizzes, tests, and homework assignments as well as 3 major projects to create a Python project portfolio!</p>\r\n\r\n<p>This course will teach you Python in a practical manner, with every lecture comes a full coding screencast and a corresponding code notebook! Learn in whatever manner is best for you!</p>\r\n\r\n<p>We will start by helping you get Python installed on your computer, regardless of your operating system, whether its Linux, MacOS, or Windows, we&#39;ve got you covered!</p>\r\n\r\n<p>We cover a wide variety of topics, including:</p>\r\n\r\n<ul>\r\n\t<li>Command Line Basics</li>\r\n\t<li>Installing Python</li>\r\n\t<li>Running Python Code</li>\r\n\t<li>Strings</li>\r\n\t<li>Lists&nbsp;</li>\r\n\t<li>Dictionaries</li>\r\n\t<li>Tuples</li>\r\n\t<li>Sets</li>\r\n\t<li>Number Data Types</li>\r\n\t<li>Print Formatting</li>\r\n\t<li>Functions</li>\r\n\t<li>Scope</li>\r\n\t<li>args/kwargs</li>\r\n\t<li>Built-in Functions</li>\r\n\t<li>Debugging and Error Handling</li>\r\n\t<li>Modules</li>\r\n\t<li>External Modules</li>\r\n\t<li>Object Oriented Programming</li>\r\n\t<li>Inheritance</li>\r\n\t<li>Polymorphism</li>\r\n\t<li>File I/O</li>\r\n\t<li>Advanced Methods</li>\r\n\t<li>Unit Tests</li>\r\n\t<li>and much more!</li>\r\n</ul>\r\n\r\n<p><strong>You will get lifetime access to over 100 lectures plus corresponding Notebooks for the lectures!</strong></p>\r\n\r\n<p>This course comes with a&nbsp;<strong>30 day money back guarantee!</strong>&nbsp;If you are not satisfied in any way, you&#39;ll get your money back. Plus you will keep access to the Notebooks as a thank you for trying out the course!</p>\r\n\r\n<p><strong>So what are you waiting for? Learn Python in a way that will advance your career and increase your knowledge, all in a fun and practical way!</strong></p>\r\n\r\n<p>Who this course is for:</p>\r\n\r\n<ul>\r\n\t<li>Beginners who have never programmed before.</li>\r\n\t<li>Programmers switching languages to Python.</li>\r\n\t<li>Intermediate Python programmers who want to level up their skills!</li>\r\n</ul>", "course": 3, "benefits": "<ul>\r\n\t<li>Learn to use Python professionally, learning both Python 2 and Python 3!</li>\r\n\t<li>Create games with Python, like Tic Tac Toe and Blackjack!</li>\r\n\t<li>Learn advanced Python features, like the collections module and how to work with timestamps!</li>\r\n\t<li>Learn to use Object Oriented Programming with classes!</li>\r\n\t<li>Understand complex topics, like decorators.</li>\r\n\t<li>Understand how to use both the Jupyter Notebook and create .py files</li>\r\n\t<li>Get an understanding of how to create GUIs in the Jupyter Notebook system!</li>\r\n\t<li>Build a complete understanding of Python from the ground up!</li>\r\n</ul>", "pre_requisites": null, "skills": [1, 4, 5]}}, {"model": "courses.coursedetail", "pk": 4, "fields": {"verbose_name": "Machine Learning", "short_description": "Th\u00e0nh th\u1ea1o c\u00e1c k\u1ef9 thu\u1eadt h\u1ecdc m\u00e1y trong l\u0129nh v\u1ef1c tr\u00ed tu\u1ec7 nh\u00e2n t\u1ea1o", "full_description": "<p><strong>Become a Python Programmer and learn one of employer&#39;s most requested skills of 2018!</strong></p>\r\n\r\n<p>This is the&nbsp;<strong>most comprehensive, yet straight-forward, course for the Python programming language on Udemy!</strong>&nbsp;Whether you have never programmed before, already know basic syntax, or want to learn about the advanced features of Python, this course is for you! In this course we will&nbsp;<strong>teach you Python 3.&nbsp;</strong>(Note, we also provide older&nbsp;Python 2 notes in case you need them)</p>\r\n\r\n<p>With&nbsp;<strong>over 100 lectures</strong>&nbsp;and more than 20 hours of video this comprehensive course leaves no stone unturned! This course includes quizzes, tests, and homework assignments as well as 3 major projects to create a Python project portfolio!</p>\r\n\r\n<p>This course will teach you Python in a practical manner, with every lecture comes a full coding screencast and a corresponding code notebook! Learn in whatever manner is best for you!</p>\r\n\r\n<p>We will start by helping you get Python installed on your computer, regardless of your operating system, whether its Linux, MacOS, or Windows, we&#39;ve got you covered!</p>\r\n\r\n<p>We cover a wide variety of topics, including:</p>\r\n\r\n<ul>\r\n\t<li>Command Line Basics</li>\r\n\t<li>Installing Python</li>\r\n\t<li>Running Python Code</li>\r\n\t<li>Strings</li>\r\n\t<li>Lists&nbsp;</li>\r\n\t<li>Dictionaries</li>\r\n\t<li>Tuples</li>\r\n\t<li>Sets</li>\r\n\t<li>Number Data Types</li>\r\n\t<li>Print Formatting</li>\r\n\t<li>Functions</li>\r\n\t<li>Scope</li>\r\n\t<li>args/kwargs</li>\r\n\t<li>Built-in Functions</li>\r\n\t<li>Debugging and Error Handling</li>\r\n\t<li>Modules</li>\r\n\t<li>External Modules</li>\r\n\t<li>Object Oriented Programming</li>\r\n\t<li>Inheritance</li>\r\n\t<li>Polymorphism</li>\r\n\t<li>File I/O</li>\r\n\t<li>Advanced Methods</li>\r\n\t<li>Unit Tests</li>\r\n\t<li>and much more!</li>\r\n</ul>\r\n\r\n<p><strong>You will get lifetime access to over 100 lectures plus corresponding Notebooks for the lectures!</strong></p>\r\n\r\n<p>This course comes with a&nbsp;<strong>30 day money back guarantee!</strong>&nbsp;If you are not satisfied in any way, you&#39;ll get your money back. Plus you will keep access to the Notebooks as a thank you for trying out the course!</p>\r\n\r\n<p><strong>So what are you waiting for? Learn Python in a way that will advance your career and increase your knowledge, all in a fun and practical way!</strong></p>\r\n\r\n<p>Who this course is for:</p>\r\n\r\n<ul>\r\n\t<li>Beginners who have never programmed before.</li>\r\n\t<li>Programmers switching languages to Python.</li>\r\n\t<li>Intermediate Python programmers who want to level up their skills!</li>\r\n</ul>", "course": 4, "benefits": "<ul>\r\n\t<li>Learn to use Python professionally, learning both Python 2 and Python 3!</li>\r\n\t<li>Create games with Python, like Tic Tac Toe and Blackjack!</li>\r\n\t<li>Learn advanced Python features, like the collections module and how to work with timestamps!</li>\r\n\t<li>Learn to use Object Oriented Programming with classes!</li>\r\n\t<li>Understand complex topics, like decorators.</li>\r\n\t<li>Understand how to use both the Jupyter Notebook and create .py files</li>\r\n\t<li>Get an understanding of how to create GUIs in the Jupyter Notebook system!</li>\r\n\t<li>Build a complete understanding of Python from the ground up!</li>\r\n</ul>", "pre_requisites": null, "skills": [1, 14]}}, {"model": "courses.coursedetail", "pk": 5, "fields": {"verbose_name": "Python Tips & Tricks", "short_description": "", "full_description": null, "course": 5, "benefits": null, "pre_requisites": null, "skills": []}}, {"model": "courses.coursedetail", "pk": 6, "fields": {"verbose_name": "Javascript the basics", "short_description": "", "full_description": null, "course": 6, "benefits": null, "pre_requisites": null, "skills": []}}, {"model": "courses.coursedetail", "pk": 7, "fields": {"verbose_name": "Python-Django", "short_description": "Basic path to master Python", "full_description": "", "course": 7, "benefits": "", "pre_requisites": "", "skills": [1, 5, 6, 9]}}, {"model": "programs.field", "pk": 1, "fields": {"name": "Software Development", "code": "sd", "slug": "software-development", "icon": "field/icon/software-development.jpg", "description": null, "created_date": "2020-04-01T16:11:16.330Z"}}, {"model": "programs.field", "pk": 2, "fields": {"name": "Web Development", "code": "wb", "slug": "web-development", "icon": "field/icon/web-development.jpg", "description": null, "created_date": "2020-04-01T16:11:25.674Z"}}, {"model": "programs.field", "pk": 3, "fields": {"name": "Game Development", "code": "gd", "slug": "game-development", "icon": "field/icon/game-development.jpg", "description": null, "created_date": "2020-04-01T16:11:39.268Z"}}, {"model": "programs.field", "pk": 4, "fields": {"name": "Database Administartor", "code": "dba", "slug": "database-administartor", "icon": "field/icon/database-admin.jpg", "description": null, "created_date": "2020-04-01T16:11:48.374Z"}}, {"model": "programs.field", "pk": 5, "fields": {"name": "Data Science", "code": "ds", "slug": "data-science", "icon": "field/icon/data-science.jpg", "description": null, "created_date": "2020-04-01T16:11:56.461Z"}}, {"model": "course_homes.learningtopic", "pk": 1, "fields": {"name": "Week 1", "code": "w1", "slug": "week-1", "info": "<p>Ph\u1ea7n n&agrave;y ch&uacute;ng ta s\u1ebd t&igrave;m hi\u1ec3u chung v\u1ec1 ng&ocirc;n ng\u1eef l\u1eadp tr&igrave;nh python, g\u1ed3m:</p>\r\n\r\n<ul>\r\n\t<li><em>L\u1ecbch s\u1eed</em></li>\r\n\t<li><em>\u1ee8ng d\u1ee5ng ph\u1ed5 bi\u1ebfn</em></li>\r\n\t<li><em>C&aacute;c \u0111\u1ecbnh ngh\u0129a</em></li>\r\n</ul>", "course_home": 1, "status": "active", "created_date": "2020-04-17", "modified_date": "2020-05-05"}}, {"model": "course_homes.learningtopic", "pk": 2, "fields": {"name": "Week 2", "code": "w2", "slug": "week-2", "info": "<p>Tu\u1ea7n 2 ti\u1ebfp t\u1ee5c v\u1ec1 c&aacute;c c&agrave;i \u0111\u1eb7t <strong>m&ocirc;i tr\u01b0\u1eddng l\u1eadp tr&igrave;nh</strong></p>", "course_home": 1, "status": "active", "created_date": "2020-04-19", "modified_date": "2020-05-05"}}, {"model": "course_homes.learningtopic", "pk": 3, "fields": {"name": "Week 3", "code": "w3", "slug": "week-3", "info": "<p>Gi\u1edbi thi\u1ec7u s\u01a1 l\u01b0\u1ee3c v\u1ec1 framework <span style=\"color:#e74c3c\">Django rest framework</span></p>", "course_home": 1, "status": "active", "created_date": "2020-04-19", "modified_date": "2020-05-05"}}, {"model": "course_homes.learningtopic", "pk": 4, "fields": {"name": "Assignment 1", "code": "ass1", "slug": "assignment-1", "info": null, "course_home": 1, "status": "active", "created_date": "2020-04-19", "modified_date": "2020-04-19"}}, {"model": "course_homes.topicasset", "pk": 2, "fields": {"name": "Chapter 1 - Why python ?", "learning_topic": 2, "file": "courses/home/basic-python/sample_9uvc9vB.pdf", "file_type": "doc", "status": true, "icon": "", "info": null}}, {"model": "course_homes.topicasset", "pk": 4, "fields": {"name": "Ch\u01b0\u01a1ng 3 - H\u01b0\u1edbng d\u1eabn c\u00e0i \u0111\u1eb7t django rest framework", "learning_topic": 3, "file": "courses/home/basic-python/Django_REST_framework_Setup.mp4", "file_type": "video", "status": true, "icon": "", "info": "B\u00e0i gi\u1ea3ng n\u00e0y h\u01b0\u1edbng d\u1eabn c\u00e1ch c\u00e0i \u0111\u1eb7t drf"}}, {"model": "course_homes.topicasset", "pk": 5, "fields": {"name": "Chapter 1 - Gi\u1edbi thi\u1ec7u ng\u00f4n ng\u1eef python", "learning_topic": 1, "file": "courses/home/basic-python/Liquid_Loader_Animation_Effects_Using_CSS__SVG___CSS_Gooey_Effects.mp4", "file_type": "video", "status": true, "icon": "", "info": "B\u00e0i gi\u1ea3ng n\u00e0y gi\u1edbi thi\u1ec7u v\u1ec1 python"}}, {"model": "course_homes.topicasset", "pk": 6, "fields": {"name": "Ch\u01b0\u01a1ng 2 - Pip", "learning_topic": 2, "file": "courses/home/basic-python/file_example_MP4_480_1_5MG_BUraMB6.mp4", "file_type": "video", "status": true, "icon": "", "info": null}}, {"model": "course_homes.topicasset", "pk": 7, "fields": {"name": "Test", "learning_topic": 3, "file": "courses/home/basic-python/Django_REST_framework_Setup_S1YXboy.mp4", "file_type": "video", "status": true, "icon": "", "info": null}}, {"model": "course_homes.topicasset", "pk": 8, "fields": {"name": "Test 2", "learning_topic": 3, "file": "courses/home/basic-python/file_example_MP4_480_1_5MG_mGbcFkx.mp4", "file_type": "video", "status": true, "icon": "", "info": null}}, {"model": "exams.questionresponse", "pk": 1, "fields": {"question": 1, "student_exam": 5, "choices": []}}, {"model": "exams.questionresponse", "pk": 2, "fields": {"question": 1, "student_exam": 6, "choices": [18]}}, {"model": "exams.questionresponse", "pk": 3, "fields": {"question": 1, "student_exam": 7, "choices": [18]}}, {"model": "exams.questionresponse", "pk": 4, "fields": {"question": 1, "student_exam": 8, "choices": [1]}}, {"model": "exams.questionresponse", "pk": 5, "fields": {"question": 1, "student_exam": 9, "choices": [1]}}, {"model": "exams.questionresponse", "pk": 6, "fields": {"question": 2, "student_exam": 8, "choices": [8]}}, {"model": "exams.questionresponse", "pk": 7, "fields": {"question": 2, "student_exam": 9, "choices": [5]}}, {"model": "exams.questionresponse", "pk": 8, "fields": {"question": 1, "student_exam": 10, "choices": [1]}}, {"model": "exams.questionresponse", "pk": 9, "fields": {"question": 4, "student_exam": 9, "choices": [14]}}, {"model": "exams.questionresponse", "pk": 10, "fields": {"question": 2, "student_exam": 10, "choices": [5]}}, {"model": "exams.questionresponse", "pk": 11, "fields": {"question": 1, "student_exam": 11, "choices": [1]}}, {"model": "exams.questionresponse", "pk": 12, "fields": {"question": 2, "student_exam": 11, "choices": []}}, {"model": "exams.questionresponse", "pk": 13, "fields": {"question": 1, "student_exam": 12, "choices": [2]}}, {"model": "exams.questionresponse", "pk": 14, "fields": {"question": 2, "student_exam": 12, "choices": [5, 6]}}, {"model": "exams.questionresponse", "pk": 15, "fields": {"question": 1, "student_exam": 13, "choices": [2]}}, {"model": "exams.questionresponse", "pk": 16, "fields": {"question": 2, "student_exam": 13, "choices": [5, 7]}}, {"model": "exams.questionresponse", "pk": 17, "fields": {"question": 3, "student_exam": 13, "choices": [9]}}, {"model": "exams.questionresponse", "pk": 18, "fields": {"question": 1, "student_exam": 14, "choices": [2]}}, {"model": "exams.questionresponse", "pk": 19, "fields": {"question": 2, "student_exam": 14, "choices": [6, 7]}}, {"model": "exams.questionresponse", "pk": 20, "fields": {"question": 3, "student_exam": 14, "choices": [11, 12]}}, {"model": "exams.questionresponse", "pk": 21, "fields": {"question": 4, "student_exam": 14, "choices": [15]}}, {"model": "exams.questionresponse", "pk": 22, "fields": {"question": 5, "student_exam": 14, "choices": [17]}}, {"model": "exams.questionresponse", "pk": 23, "fields": {"question": 1, "student_exam": 15, "choices": [2]}}, {"model": "exams.questionresponse", "pk": 24, "fields": {"question": 2, "student_exam": 15, "choices": [5, 7]}}, {"model": "exams.questionresponse", "pk": 25, "fields": {"question": 3, "student_exam": 15, "choices": []}}, {"model": "exams.questionresponse", "pk": 26, "fields": {"question": 4, "student_exam": 15, "choices": [15]}}, {"model": "exams.questionresponse", "pk": 27, "fields": {"question": 5, "student_exam": 15, "choices": [18]}}, {"model": "exams.questionresponse", "pk": 28, "fields": {"question": 1, "student_exam": 16, "choices": [1]}}, {"model": "exams.questionresponse", "pk": 29, "fields": {"question": 2, "student_exam": 16, "choices": [7]}}, {"model": "exams.questionresponse", "pk": 30, "fields": {"question": 1, "student_exam": 17, "choices": [1]}}, {"model": "exams.questionresponse", "pk": 31, "fields": {"question": 2, "student_exam": 17, "choices": [7]}}, {"model": "exams.questionresponse", "pk": 32, "fields": {"question": 1, "student_exam": 18, "choices": [2]}}, {"model": "exams.questionresponse", "pk": 33, "fields": {"question": 2, "student_exam": 18, "choices": [5, 7]}}, {"model": "exams.questionresponse", "pk": 34, "fields": {"question": 3, "student_exam": 18, "choices": [10]}}, {"model": "exams.questionresponse", "pk": 35, "fields": {"question": 4, "student_exam": 18, "choices": [13]}}, {"model": "exams.questionresponse", "pk": 36, "fields": {"question": 5, "student_exam": 18, "choices": [17]}}, {"model": "exams.questionresponse", "pk": 37, "fields": {"question": 6, "student_exam": 18, "choices": [20]}}, {"model": "exams.questionresponse", "pk": 38, "fields": {"question": 8, "student_exam": 18, "choices": [25]}}, {"model": "exams.questionresponse", "pk": 39, "fields": {"question": 10, "student_exam": 18, "choices": [29]}}, {"model": "exams.questionresponse", "pk": 40, "fields": {"question": 1, "student_exam": 19, "choices": [4]}}, {"model": "exams.questionresponse", "pk": 41, "fields": {"question": 2, "student_exam": 19, "choices": [5]}}, {"model": "exams.questionresponse", "pk": 42, "fields": {"question": 1, "student_exam": 20, "choices": [2]}}, {"model": "exams.questionresponse", "pk": 43, "fields": {"question": 2, "student_exam": 20, "choices": [6, 7, 8]}}, {"model": "exams.questionresponse", "pk": 44, "fields": {"question": 3, "student_exam": 20, "choices": [9]}}, {"model": "exams.questionresponse", "pk": 45, "fields": {"question": 4, "student_exam": 20, "choices": [14]}}, {"model": "exams.questionresponse", "pk": 46, "fields": {"question": 1, "student_exam": 21, "choices": [2]}}, {"model": "exams.questionresponse", "pk": 47, "fields": {"question": 2, "student_exam": 21, "choices": [6, 7]}}, {"model": "exams.questionresponse", "pk": 48, "fields": {"question": 3, "student_exam": 21, "choices": [12]}}, {"model": "exams.questionresponse", "pk": 49, "fields": {"question": 4, "student_exam": 21, "choices": [15]}}, {"model": "exams.questionresponse", "pk": 50, "fields": {"question": 2, "student_exam": 22, "choices": [5, 6, 7, 8]}}, {"model": "exams.questionresponse", "pk": 51, "fields": {"question": 1, "student_exam": 23, "choices": [4]}}, {"model": "exams.questionresponse", "pk": 52, "fields": {"question": 2, "student_exam": 23, "choices": [5, 6]}}, {"model": "exams.questionresponse", "pk": 53, "fields": {"question": 3, "student_exam": 23, "choices": [9]}}, {"model": "exams.questionresponse", "pk": 54, "fields": {"question": 4, "student_exam": 23, "choices": [16]}}, {"model": "exams.questionresponse", "pk": 55, "fields": {"question": 5, "student_exam": 23, "choices": [18]}}, {"model": "exams.questionresponse", "pk": 56, "fields": {"question": 1, "student_exam": 24, "choices": [1]}}, {"model": "exams.questionresponse", "pk": 57, "fields": {"question": 2, "student_exam": 24, "choices": [5, 6, 7, 8]}}, {"model": "exams.questionresponse", "pk": 58, "fields": {"question": 3, "student_exam": 24, "choices": [9, 10]}}, {"model": "exams.questionresponse", "pk": 59, "fields": {"question": 4, "student_exam": 24, "choices": [13]}}, {"model": "exams.questionresponse", "pk": 60, "fields": {"question": 5, "student_exam": 24, "choices": [18]}}, {"model": "exams.questionresponse", "pk": 61, "fields": {"question": 2, "student_exam": 25, "choices": [5, 6]}}, {"model": "exams.questionresponse", "pk": 62, "fields": {"question": 3, "student_exam": 25, "choices": [10, 12]}}, {"model": "exams.questionresponse", "pk": 63, "fields": {"question": 1, "student_exam": 26, "choices": [1]}}, {"model": "exams.questionresponse", "pk": 64, "fields": {"question": 2, "student_exam": 26, "choices": [5, 8]}}, {"model": "exams.questionresponse", "pk": 65, "fields": {"question": 3, "student_exam": 26, "choices": [11, 12]}}, {"model": "exams.questionresponse", "pk": 66, "fields": {"question": 1, "student_exam": 27, "choices": [1]}}, {"model": "exams.questionresponse", "pk": 67, "fields": {"question": 2, "student_exam": 27, "choices": [5, 6, 7]}}, {"model": "exams.questionresponse", "pk": 68, "fields": {"question": 3, "student_exam": 27, "choices": [10, 12]}}, {"model": "exams.questionresponse", "pk": 69, "fields": {"question": 4, "student_exam": 27, "choices": [14]}}, {"model": "exams.questionresponse", "pk": 70, "fields": {"question": 5, "student_exam": 27, "choices": [17]}}, {"model": "exams.questionresponse", "pk": 71, "fields": {"question": 1, "student_exam": 28, "choices": [2]}}, {"model": "exams.questionresponse", "pk": 72, "fields": {"question": 2, "student_exam": 28, "choices": [5, 7]}}, {"model": "exams.questionresponse", "pk": 73, "fields": {"question": 1, "student_exam": 29, "choices": [1]}}, {"model": "exams.questionresponse", "pk": 74, "fields": {"question": 2, "student_exam": 29, "choices": [5, 8]}}, {"model": "exams.questionresponse", "pk": 75, "fields": {"question": 3, "student_exam": 29, "choices": [9]}}, {"model": "exams.questionresponse", "pk": 76, "fields": {"question": 4, "student_exam": 29, "choices": [13]}}, {"model": "exams.questionresponse", "pk": 77, "fields": {"question": 5, "student_exam": 29, "choices": [17]}}, {"model": "exams.questionresponse", "pk": 78, "fields": {"question": 6, "student_exam": 29, "choices": [20]}}, {"model": "exams.questionresponse", "pk": 79, "fields": {"question": 7, "student_exam": 29, "choices": [23]}}, {"model": "exams.questionresponse", "pk": 80, "fields": {"question": 8, "student_exam": 29, "choices": [26]}}, {"model": "exams.questionresponse", "pk": 81, "fields": {"question": 9, "student_exam": 29, "choices": [29]}}, {"model": "exams.questionresponse", "pk": 82, "fields": {"question": 10, "student_exam": 29, "choices": [30]}}, {"model": "exams.questionresponse", "pk": 83, "fields": {"question": 1, "student_exam": 30, "choices": [2]}}, {"model": "exams.questionresponse", "pk": 84, "fields": {"question": 2, "student_exam": 30, "choices": [7, 8]}}, {"model": "exams.questionresponse", "pk": 85, "fields": {"question": 3, "student_exam": 30, "choices": [10, 11]}}, {"model": "exams.questionresponse", "pk": 86, "fields": {"question": 4, "student_exam": 30, "choices": [15]}}, {"model": "exams.questionresponse", "pk": 87, "fields": {"question": 5, "student_exam": 30, "choices": [18]}}, {"model": "exams.questionresponse", "pk": 88, "fields": {"question": 1, "student_exam": 31, "choices": [1]}}, {"model": "exams.questionresponse", "pk": 89, "fields": {"question": 2, "student_exam": 31, "choices": [5]}}, {"model": "exams.questionresponse", "pk": 90, "fields": {"question": 3, "student_exam": 31, "choices": [10, 11, 12]}}, {"model": "exams.questionresponse", "pk": 91, "fields": {"question": 4, "student_exam": 31, "choices": [13]}}, {"model": "exams.questionresponse", "pk": 92, "fields": {"question": 5, "student_exam": 31, "choices": [18]}}, {"model": "exams.questionresponse", "pk": 93, "fields": {"question": 7, "student_exam": 31, "choices": [23]}}, {"model": "exams.questionresponse", "pk": 94, "fields": {"question": 8, "student_exam": 31, "choices": [24]}}, {"model": "exams.questionresponse", "pk": 95, "fields": {"question": 9, "student_exam": 31, "choices": [29]}}, {"model": "tags.searchkeyword", "pk": 1, "fields": {"name": "python", "count": 98, "created_date": "2020-03-28T08:57:17.734Z"}}, {"model": "tags.searchkeyword", "pk": 2, "fields": {"name": "hey", "count": 0, "created_date": "2020-03-28T09:00:59.116Z"}}, {"model": "tags.searchkeyword", "pk": 3, "fields": {"name": "nat", "count": 0, "created_date": "2020-03-28T09:01:06.812Z"}}, {"model": "tags.searchkeyword", "pk": 5, "fields": {"name": "Hey", "count": 0, "created_date": "2020-03-28T09:29:48.134Z"}}, {"model": "tags.searchkeyword", "pk": 6, "fields": {"name": "phuc", "count": 0, "created_date": "2020-03-28T09:52:28.440Z"}}, {"model": "tags.searchkeyword", "pk": 7, "fields": {"name": "p", "count": 0, "created_date": "2020-03-28T14:01:29.416Z"}}, {"model": "tags.searchkeyword", "pk": 8, "fields": {"name": "a", "count": 2, "created_date": "2020-03-28T14:01:31.880Z"}}, {"model": "tags.searchkeyword", "pk": 9, "fields": {"name": "adfdfdfd", "count": 0, "created_date": "2020-03-29T05:05:00.911Z"}}, {"model": "tags.searchkeyword", "pk": 10, "fields": {"name": "Machine", "count": 2, "created_date": "2020-03-29T06:38:31.383Z"}}, {"model": "tags.searchkeyword", "pk": 11, "fields": {"name": "pyth", "count": 11, "created_date": "2020-03-29T06:48:00.632Z"}}, {"model": "tags.searchkeyword", "pk": 12, "fields": {"name": "machine", "count": 6, "created_date": "2020-03-29T10:22:11.521Z"}}, {"model": "tags.searchkeyword", "pk": 13, "fields": {"name": "Machine Learning", "count": 0, "created_date": "2020-03-29T10:25:10.166Z"}}, {"model": "tags.searchkeyword", "pk": 14, "fields": {"name": "AntDesign", "count": 0, "created_date": "2020-03-29T11:07:46.135Z"}}, {"model": "tags.searchkeyword", "pk": 15, "fields": {"name": "Python", "count": 6, "created_date": "2020-03-29T11:07:55.398Z"}}, {"model": "tags.searchkeyword", "pk": 16, "fields": {"name": "AntDesign UI", "count": 0, "created_date": "2020-03-29T13:08:19.866Z"}}, {"model": "tags.searchkeyword", "pk": 17, "fields": {"name": "javascript", "count": 0, "created_date": "2020-03-29T15:26:19.043Z"}}, {"model": "tags.searchkeyword", "pk": 18, "fields": {"name": "\\", "count": 1, "created_date": "2020-04-07T16:06:50.345Z"}}, {"model": "tags.searchkeyword", "pk": 19, "fields": {"name": "web", "count": 3, "created_date": "2020-05-04T14:01:23.177Z"}}, {"model": "tags.searchkeyword", "pk": 20, "fields": {"name": "thuy duong thanh thao", "count": 0, "created_date": "2020-05-17T11:06:24.473Z"}}, {"model": "questions.choice", "pk": 1, "fields": {"content": "Python l\u00e0\r\n\r\n<pre>\r\n<code class=\"language-javascript\">const a = 1</code></pre>\r\n\r\nm\u1ed9t ng&ocirc;n ng\u1eef nh\u01b0 Ti\u1ebfng Vi\u1ec7t, Ti\u1ebfng Anh...", "status": true, "created_date": "2020-04-10T03:41:27Z"}}, {"model": "questions.choice", "pk": 2, "fields": {"content": "Python l\u00e0 m\u1ed9t ng\u00f4n ng\u1eef l\u1eadp tr\u00ecnh", "status": true, "created_date": "2020-04-10T03:42:33Z"}}, {"model": "questions.choice", "pk": 3, "fields": {"content": "Python l\u00e0 m\u1ed9t h\u1ec7 \u0111i\u1ec1u h\u00e0nh", "status": true, "created_date": "2020-04-10T03:42:53Z"}}, {"model": "questions.choice", "pk": 4, "fields": {"content": "Python l\u00e0 m\u1ed9t \u1ee9ng d\u1ee5ng web", "status": true, "created_date": "2020-04-10T03:43:11Z"}}, {"model": "questions.choice", "pk": 5, "fields": {"content": "PEP 8 l\u00e0 quy \u01b0\u1edbc l\u1eadp tr\u00ecnh cho Java", "status": true, "created_date": "2020-04-10T03:44:21Z"}}, {"model": "questions.choice", "pk": 6, "fields": {"content": "PEP 8 l\u00e0 quy \u01b0\u1edbc l\u1eadp tr\u00ecnh cho C#", "status": true, "created_date": "2020-04-10T03:45:15Z"}}, {"model": "questions.choice", "pk": 7, "fields": {"content": "PEP 8 l\u00e0 quy \u01b0\u1edbc l\u1eadp tr\u00ecnh cho Python", "status": true, "created_date": "2020-04-10T03:45:33Z"}}, {"model": "questions.choice", "pk": 8, "fields": {"content": "PEP 8 l\u00e0 m\u1ed9t tr\u00ecnh bi\u00ean d\u1ecbch", "status": true, "created_date": "2020-04-10T03:45:59Z"}}, {"model": "questions.choice", "pk": 9, "fields": {"content": "Lambda l\u00e0 t\u00ean c\u1ee7a m\u1ed9t lo\u1ea1i d\u1eef li\u1ec7u trong Python", "status": true, "created_date": "2020-04-10T03:53:32Z"}}, {"model": "questions.choice", "pk": 10, "fields": {"content": "Lambda l\u00e0 m\u1ed9t h\u00e0m x\u1eed l\u00fd chu\u1ed7i", "status": true, "created_date": "2020-04-10T03:55:34Z"}}, {"model": "questions.choice", "pk": 11, "fields": {"content": "Lambda l\u00e0 m\u1ed9t class trong Python", "status": true, "created_date": "2020-04-10T03:57:37Z"}}, {"model": "questions.choice", "pk": 12, "fields": {"content": "Lambda l\u00e0 m\u1ed9t h\u00e0m v\u00f4 danh (anonymous function)", "status": true, "created_date": "2020-04-10T03:58:15Z"}}, {"model": "questions.choice", "pk": 13, "fields": {"content": "<pre>\r\n<code class=\"language-python\">var a = \"Hello World!\"</code></pre>", "status": true, "created_date": "2020-04-10T04:40:23Z"}}, {"model": "questions.choice", "pk": 14, "fields": {"content": "<pre>\r\n<code class=\"language-python\">string a = \"Hello World!\"</code></pre>", "status": true, "created_date": "2020-04-10T04:43:10Z"}}, {"model": "questions.choice", "pk": 15, "fields": {"content": "<pre>\r\n<code class=\"language-python\">a = \"Hello World!\"</code></pre>", "status": true, "created_date": "2020-04-10T04:43:39Z"}}, {"model": "questions.choice", "pk": 16, "fields": {"content": "<pre>\r\n<code class=\"language-python\">const a = \"Hello World!\"</code></pre>", "status": true, "created_date": "2020-04-10T04:44:02Z"}}, {"model": "questions.choice", "pk": 17, "fields": {"content": "<span>True</span>", "status": true, "created_date": "2020-04-10T15:19:25Z"}}, {"model": "questions.choice", "pk": 18, "fields": {"content": "False", "status": true, "created_date": "2020-04-10T15:19:40Z"}}, {"model": "questions.choice", "pk": 19, "fields": {"content": "-1", "status": true, "created_date": "2020-04-10T15:30:27Z"}}, {"model": "questions.choice", "pk": 20, "fields": {"content": "1", "status": true, "created_date": "2020-04-10T15:35:51Z"}}, {"model": "questions.choice", "pk": 21, "fields": {"content": "Unknown", "status": true, "created_date": "2020-04-10T15:36:03Z"}}, {"model": "questions.choice", "pk": 22, "fields": {"content": "Python program runs directly from the source code. It converts the source code that<br /> is written by the programmer into an intermediate language, which is again translated into machine<br /> language that has to be executed.", "status": true, "created_date": "2020-04-10T15:36:18Z"}}, {"model": "questions.choice", "pk": 23, "fields": {"content": "Python program runs directly from the source code.", "status": true, "created_date": "2020-04-10T15:37:03Z"}}, {"model": "questions.choice", "pk": 24, "fields": {"content": "Kh\u00f4ng \u0111\u01b0\u1ee3c qu\u1ea3n l\u00fd", "status": true, "created_date": "2020-04-10T15:37:55Z"}}, {"model": "questions.choice", "pk": 25, "fields": {"content": "\u0110\u01b0\u1ee3c qu\u1ea3n l\u00fd nh\u01b0 c\u00e1c ng\u00f4n ng\u1eef l\u1eadp tr\u00ecnh kh\u00e1c", "status": true, "created_date": "2020-04-10T15:38:41Z"}}, {"model": "questions.choice", "pk": 26, "fields": {"content": "Python kh\u00f4ng c\u00f3 memory", "status": true, "created_date": "2020-04-10T15:39:14Z"}}, {"model": "questions.choice", "pk": 27, "fields": {"content": "It is an environment variable that is used when a module is imported. Whenever a module is imported, PYTHONPATH is also looked up to check for the presence of the imported modules in various directories. The interpreter uses it to determine which module to load.", "status": true, "created_date": "2020-04-10T15:39:29Z"}}, {"model": "questions.choice", "pk": 28, "fields": {"content": "It is a built-in function", "status": true, "created_date": "2020-04-10T15:40:23Z"}}, {"model": "questions.choice", "pk": 29, "fields": {"content": "It is a class", "status": true, "created_date": "2020-04-10T15:40:59Z"}}, {"model": "questions.choice", "pk": 30, "fields": {"content": "It is a method", "status": true, "created_date": "2020-04-10T15:41:12Z"}}, {"model": "questions.choice", "pk": 31, "fields": {"content": "__init__ is a method or constructor in&nbsp;Python. This method is automatically called to allocate memory when a new object/ instance of a class is created. All classes have the __init__ method.", "status": true, "created_date": "2020-04-10T15:41:53Z"}}, {"model": "questions.choice", "pk": 32, "fields": {"content": "I don't know", "status": true, "created_date": "2020-04-11T03:08:59Z"}}, {"model": "questions.choice", "pk": 33, "fields": {"content": "10000", "status": true, "created_date": "2020-04-11T03:09:26Z"}}, {"model": "questions.choice", "pk": 34, "fields": {"content": "Choice A", "status": true, "created_date": "2020-04-11T03:09:39Z"}}, {"model": "questions.choice", "pk": 35, "fields": {"content": "<span>Choice B</span>", "status": true, "created_date": "2020-04-11T03:10:09Z"}}, {"model": "questions.choice", "pk": 36, "fields": {"content": "<span>Choice C</span>", "status": true, "created_date": "2020-04-11T03:10:21Z"}}, {"model": "questions.choice", "pk": 37, "fields": {"content": "<span>Choice D</span>", "status": true, "created_date": "2020-04-11T03:10:38Z"}}, {"model": "questions.choice", "pk": 38, "fields": {"content": "<span>Choice 1</span>", "status": true, "created_date": "2020-04-11T03:10:50Z"}}, {"model": "questions.choice", "pk": 39, "fields": {"content": "<span>Choice 2</span>", "status": true, "created_date": "2020-04-11T03:11:10Z"}}, {"model": "questions.choice", "pk": 40, "fields": {"content": "<span>Answer A</span>", "status": true, "created_date": "2020-04-11T03:11:23Z"}}, {"model": "questions.choice", "pk": 41, "fields": {"content": "<span>Answer B</span>", "status": true, "created_date": "2020-04-11T03:11:43Z"}}, {"model": "auth.permission", "pk": 1, "fields": {"name": "Can add log entry", "content_type": 1, "codename": "add_logentry"}}, {"model": "auth.permission", "pk": 2, "fields": {"name": "Can change log entry", "content_type": 1, "codename": "change_logentry"}}, {"model": "auth.permission", "pk": 3, "fields": {"name": "Can delete log entry", "content_type": 1, "codename": "delete_logentry"}}, {"model": "auth.permission", "pk": 4, "fields": {"name": "Can view log entry", "content_type": 1, "codename": "view_logentry"}}, {"model": "auth.permission", "pk": 5, "fields": {"name": "Can add permission", "content_type": 2, "codename": "add_permission"}}, {"model": "auth.permission", "pk": 6, "fields": {"name": "Can change permission", "content_type": 2, "codename": "change_permission"}}, {"model": "auth.permission", "pk": 7, "fields": {"name": "Can delete permission", "content_type": 2, "codename": "delete_permission"}}, {"model": "auth.permission", "pk": 8, "fields": {"name": "Can view permission", "content_type": 2, "codename": "view_permission"}}, {"model": "auth.permission", "pk": 9, "fields": {"name": "Can add group", "content_type": 3, "codename": "add_group"}}, {"model": "auth.permission", "pk": 10, "fields": {"name": "Can change group", "content_type": 3, "codename": "change_group"}}, {"model": "auth.permission", "pk": 11, "fields": {"name": "Can delete group", "content_type": 3, "codename": "delete_group"}}, {"model": "auth.permission", "pk": 12, "fields": {"name": "Can view group", "content_type": 3, "codename": "view_group"}}, {"model": "auth.permission", "pk": 13, "fields": {"name": "Can add content type", "content_type": 4, "codename": "add_contenttype"}}, {"model": "auth.permission", "pk": 14, "fields": {"name": "Can change content type", "content_type": 4, "codename": "change_contenttype"}}, {"model": "auth.permission", "pk": 15, "fields": {"name": "Can delete content type", "content_type": 4, "codename": "delete_contenttype"}}, {"model": "auth.permission", "pk": 16, "fields": {"name": "Can view content type", "content_type": 4, "codename": "view_contenttype"}}, {"model": "auth.permission", "pk": 17, "fields": {"name": "Can add session", "content_type": 5, "codename": "add_session"}}, {"model": "auth.permission", "pk": 18, "fields": {"name": "Can change session", "content_type": 5, "codename": "change_session"}}, {"model": "auth.permission", "pk": 19, "fields": {"name": "Can delete session", "content_type": 5, "codename": "delete_session"}}, {"model": "auth.permission", "pk": 20, "fields": {"name": "Can view session", "content_type": 5, "codename": "view_session"}}, {"model": "auth.permission", "pk": 21, "fields": {"name": "Can add auth token", "content_type": 6, "codename": "add_authtoken"}}, {"model": "auth.permission", "pk": 22, "fields": {"name": "Can change auth token", "content_type": 6, "codename": "change_authtoken"}}, {"model": "auth.permission", "pk": 23, "fields": {"name": "Can delete auth token", "content_type": 6, "codename": "delete_authtoken"}}, {"model": "auth.permission", "pk": 24, "fields": {"name": "Can view auth token", "content_type": 6, "codename": "view_authtoken"}}, {"model": "auth.permission", "pk": 25, "fields": {"name": "Can add user", "content_type": 7, "codename": "add_user"}}, {"model": "auth.permission", "pk": 26, "fields": {"name": "Can change user", "content_type": 7, "codename": "change_user"}}, {"model": "auth.permission", "pk": 27, "fields": {"name": "Can delete user", "content_type": 7, "codename": "delete_user"}}, {"model": "auth.permission", "pk": 28, "fields": {"name": "Can view user", "content_type": 7, "codename": "view_user"}}, {"model": "auth.permission", "pk": 29, "fields": {"name": "Can add role", "content_type": 8, "codename": "add_role"}}, {"model": "auth.permission", "pk": 30, "fields": {"name": "Can change role", "content_type": 8, "codename": "change_role"}}, {"model": "auth.permission", "pk": 31, "fields": {"name": "Can delete role", "content_type": 8, "codename": "delete_role"}}, {"model": "auth.permission", "pk": 32, "fields": {"name": "Can view role", "content_type": 8, "codename": "view_role"}}, {"model": "auth.permission", "pk": 33, "fields": {"name": "Can add profile", "content_type": 9, "codename": "add_profile"}}, {"model": "auth.permission", "pk": 34, "fields": {"name": "Can change profile", "content_type": 9, "codename": "change_profile"}}, {"model": "auth.permission", "pk": 35, "fields": {"name": "Can delete profile", "content_type": 9, "codename": "delete_profile"}}, {"model": "auth.permission", "pk": 36, "fields": {"name": "Can view profile", "content_type": 9, "codename": "view_profile"}}, {"model": "auth.permission", "pk": 37, "fields": {"name": "Can add student", "content_type": 10, "codename": "add_student"}}, {"model": "auth.permission", "pk": 38, "fields": {"name": "Can change student", "content_type": 10, "codename": "change_student"}}, {"model": "auth.permission", "pk": 39, "fields": {"name": "Can delete student", "content_type": 10, "codename": "delete_student"}}, {"model": "auth.permission", "pk": 40, "fields": {"name": "Can view student", "content_type": 10, "codename": "view_student"}}, {"model": "auth.permission", "pk": 41, "fields": {"name": "Can add teacher", "content_type": 11, "codename": "add_teacher"}}, {"model": "auth.permission", "pk": 42, "fields": {"name": "Can change teacher", "content_type": 11, "codename": "change_teacher"}}, {"model": "auth.permission", "pk": 43, "fields": {"name": "Can delete teacher", "content_type": 11, "codename": "delete_teacher"}}, {"model": "auth.permission", "pk": 44, "fields": {"name": "Can view teacher", "content_type": 11, "codename": "view_teacher"}}, {"model": "auth.permission", "pk": 45, "fields": {"name": "Can add course detail", "content_type": 12, "codename": "add_coursedetail"}}, {"model": "auth.permission", "pk": 46, "fields": {"name": "Can change course detail", "content_type": 12, "codename": "change_coursedetail"}}, {"model": "auth.permission", "pk": 47, "fields": {"name": "Can delete course detail", "content_type": 12, "codename": "delete_coursedetail"}}, {"model": "auth.permission", "pk": 48, "fields": {"name": "Can view course detail", "content_type": 12, "codename": "view_coursedetail"}}, {"model": "auth.permission", "pk": 49, "fields": {"name": "Can add course", "content_type": 13, "codename": "add_course"}}, {"model": "auth.permission", "pk": 50, "fields": {"name": "Can change course", "content_type": 13, "codename": "change_course"}}, {"model": "auth.permission", "pk": 51, "fields": {"name": "Can delete course", "content_type": 13, "codename": "delete_course"}}, {"model": "auth.permission", "pk": 52, "fields": {"name": "Can view course", "content_type": 13, "codename": "view_course"}}, {"model": "auth.permission", "pk": 53, "fields": {"name": "Can add field", "content_type": 14, "codename": "add_field"}}, {"model": "auth.permission", "pk": 54, "fields": {"name": "Can change field", "content_type": 14, "codename": "change_field"}}, {"model": "auth.permission", "pk": 55, "fields": {"name": "Can delete field", "content_type": 14, "codename": "delete_field"}}, {"model": "auth.permission", "pk": 56, "fields": {"name": "Can view field", "content_type": 14, "codename": "view_field"}}, {"model": "auth.permission", "pk": 57, "fields": {"name": "Can add program", "content_type": 15, "codename": "add_program"}}, {"model": "auth.permission", "pk": 58, "fields": {"name": "Can change program", "content_type": 15, "codename": "change_program"}}, {"model": "auth.permission", "pk": 59, "fields": {"name": "Can delete program", "content_type": 15, "codename": "delete_program"}}, {"model": "auth.permission", "pk": 60, "fields": {"name": "Can view program", "content_type": 15, "codename": "view_program"}}, {"model": "auth.permission", "pk": 61, "fields": {"name": "Can add course home", "content_type": 16, "codename": "add_coursehome"}}, {"model": "auth.permission", "pk": 62, "fields": {"name": "Can change course home", "content_type": 16, "codename": "change_coursehome"}}, {"model": "auth.permission", "pk": 63, "fields": {"name": "Can delete course home", "content_type": 16, "codename": "delete_coursehome"}}, {"model": "auth.permission", "pk": 64, "fields": {"name": "Can view course home", "content_type": 16, "codename": "view_coursehome"}}, {"model": "auth.permission", "pk": 65, "fields": {"name": "Can add timeline", "content_type": 17, "codename": "add_timeline"}}, {"model": "auth.permission", "pk": 66, "fields": {"name": "Can change timeline", "content_type": 17, "codename": "change_timeline"}}, {"model": "auth.permission", "pk": 67, "fields": {"name": "Can delete timeline", "content_type": 17, "codename": "delete_timeline"}}, {"model": "auth.permission", "pk": 68, "fields": {"name": "Can view timeline", "content_type": 17, "codename": "view_timeline"}}, {"model": "auth.permission", "pk": 69, "fields": {"name": "Can add answer", "content_type": 18, "codename": "add_answer"}}, {"model": "auth.permission", "pk": 70, "fields": {"name": "Can change answer", "content_type": 18, "codename": "change_answer"}}, {"model": "auth.permission", "pk": 71, "fields": {"name": "Can delete answer", "content_type": 18, "codename": "delete_answer"}}, {"model": "auth.permission", "pk": 72, "fields": {"name": "Can view answer", "content_type": 18, "codename": "view_answer"}}, {"model": "auth.permission", "pk": 73, "fields": {"name": "Can add question", "content_type": 19, "codename": "add_question"}}, {"model": "auth.permission", "pk": 74, "fields": {"name": "Can change question", "content_type": 19, "codename": "change_question"}}, {"model": "auth.permission", "pk": 75, "fields": {"name": "Can delete question", "content_type": 19, "codename": "delete_question"}}, {"model": "auth.permission", "pk": 76, "fields": {"name": "Can view question", "content_type": 19, "codename": "view_question"}}, {"model": "auth.permission", "pk": 77, "fields": {"name": "Can add exam", "content_type": 20, "codename": "add_exam"}}, {"model": "auth.permission", "pk": 78, "fields": {"name": "Can change exam", "content_type": 20, "codename": "change_exam"}}, {"model": "auth.permission", "pk": 79, "fields": {"name": "Can delete exam", "content_type": 20, "codename": "delete_exam"}}, {"model": "auth.permission", "pk": 80, "fields": {"name": "Can view exam", "content_type": 20, "codename": "view_exam"}}, {"model": "auth.permission", "pk": 81, "fields": {"name": "Can add lesson", "content_type": 21, "codename": "add_lesson"}}, {"model": "auth.permission", "pk": 82, "fields": {"name": "Can change lesson", "content_type": 21, "codename": "change_lesson"}}, {"model": "auth.permission", "pk": 83, "fields": {"name": "Can delete lesson", "content_type": 21, "codename": "delete_lesson"}}, {"model": "auth.permission", "pk": 84, "fields": {"name": "Can view lesson", "content_type": 21, "codename": "view_lesson"}}, {"model": "auth.permission", "pk": 85, "fields": {"name": "Can add resource", "content_type": 22, "codename": "add_resource"}}, {"model": "auth.permission", "pk": 86, "fields": {"name": "Can change resource", "content_type": 22, "codename": "change_resource"}}, {"model": "auth.permission", "pk": 87, "fields": {"name": "Can delete resource", "content_type": 22, "codename": "delete_resource"}}, {"model": "auth.permission", "pk": 88, "fields": {"name": "Can view resource", "content_type": 22, "codename": "view_resource"}}, {"model": "auth.permission", "pk": 89, "fields": {"name": "Can add search key word", "content_type": 23, "codename": "add_searchkeyword"}}, {"model": "auth.permission", "pk": 90, "fields": {"name": "Can change search key word", "content_type": 23, "codename": "change_searchkeyword"}}, {"model": "auth.permission", "pk": 91, "fields": {"name": "Can delete search key word", "content_type": 23, "codename": "delete_searchkeyword"}}, {"model": "auth.permission", "pk": 92, "fields": {"name": "Can view search key word", "content_type": 23, "codename": "view_searchkeyword"}}, {"model": "auth.permission", "pk": 93, "fields": {"name": "Can add tag", "content_type": 24, "codename": "add_tag"}}, {"model": "auth.permission", "pk": 94, "fields": {"name": "Can change tag", "content_type": 24, "codename": "change_tag"}}, {"model": "auth.permission", "pk": 95, "fields": {"name": "Can delete tag", "content_type": 24, "codename": "delete_tag"}}, {"model": "auth.permission", "pk": 96, "fields": {"name": "Can view tag", "content_type": 24, "codename": "view_tag"}}, {"model": "auth.permission", "pk": 97, "fields": {"name": "Can add skill", "content_type": 25, "codename": "add_skill"}}, {"model": "auth.permission", "pk": 98, "fields": {"name": "Can change skill", "content_type": 25, "codename": "change_skill"}}, {"model": "auth.permission", "pk": 99, "fields": {"name": "Can delete skill", "content_type": 25, "codename": "delete_skill"}}, {"model": "auth.permission", "pk": 100, "fields": {"name": "Can view skill", "content_type": 25, "codename": "view_skill"}}, {"model": "auth.permission", "pk": 101, "fields": {"name": "Can add ability test", "content_type": 26, "codename": "add_abilitytest"}}, {"model": "auth.permission", "pk": 102, "fields": {"name": "Can change ability test", "content_type": 26, "codename": "change_abilitytest"}}, {"model": "auth.permission", "pk": 103, "fields": {"name": "Can delete ability test", "content_type": 26, "codename": "delete_abilitytest"}}, {"model": "auth.permission", "pk": 104, "fields": {"name": "Can view ability test", "content_type": 26, "codename": "view_abilitytest"}}, {"model": "auth.permission", "pk": 105, "fields": {"name": "Can add question", "content_type": 27, "codename": "add_question"}}, {"model": "auth.permission", "pk": 106, "fields": {"name": "Can change question", "content_type": 27, "codename": "change_question"}}, {"model": "auth.permission", "pk": 107, "fields": {"name": "Can delete question", "content_type": 27, "codename": "delete_question"}}, {"model": "auth.permission", "pk": 108, "fields": {"name": "Can view question", "content_type": 27, "codename": "view_question"}}, {"model": "auth.permission", "pk": 109, "fields": {"name": "Can add question kit", "content_type": 28, "codename": "add_questionkit"}}, {"model": "auth.permission", "pk": 110, "fields": {"name": "Can change question kit", "content_type": 28, "codename": "change_questionkit"}}, {"model": "auth.permission", "pk": 111, "fields": {"name": "Can delete question kit", "content_type": 28, "codename": "delete_questionkit"}}, {"model": "auth.permission", "pk": 112, "fields": {"name": "Can view question kit", "content_type": 28, "codename": "view_questionkit"}}, {"model": "auth.permission", "pk": 113, "fields": {"name": "Can add choice", "content_type": 29, "codename": "add_choice"}}, {"model": "auth.permission", "pk": 114, "fields": {"name": "Can change choice", "content_type": 29, "codename": "change_choice"}}, {"model": "auth.permission", "pk": 115, "fields": {"name": "Can delete choice", "content_type": 29, "codename": "delete_choice"}}, {"model": "auth.permission", "pk": 116, "fields": {"name": "Can view choice", "content_type": 29, "codename": "view_choice"}}, {"model": "auth.permission", "pk": 117, "fields": {"name": "Can add user ability test", "content_type": 30, "codename": "add_userabilitytest"}}, {"model": "auth.permission", "pk": 118, "fields": {"name": "Can change user ability test", "content_type": 30, "codename": "change_userabilitytest"}}, {"model": "auth.permission", "pk": 119, "fields": {"name": "Can delete user ability test", "content_type": 30, "codename": "delete_userabilitytest"}}, {"model": "auth.permission", "pk": 120, "fields": {"name": "Can view user ability test", "content_type": 30, "codename": "view_userabilitytest"}}, {"model": "auth.permission", "pk": 121, "fields": {"name": "Can add user response", "content_type": 31, "codename": "add_userresponse"}}, {"model": "auth.permission", "pk": 122, "fields": {"name": "Can change user response", "content_type": 31, "codename": "change_userresponse"}}, {"model": "auth.permission", "pk": 123, "fields": {"name": "Can delete user response", "content_type": 31, "codename": "delete_userresponse"}}, {"model": "auth.permission", "pk": 124, "fields": {"name": "Can view user response", "content_type": 31, "codename": "view_userresponse"}}, {"model": "auth.permission", "pk": 125, "fields": {"name": "Can add learning topic", "content_type": 32, "codename": "add_learningtopic"}}, {"model": "auth.permission", "pk": 126, "fields": {"name": "Can change learning topic", "content_type": 32, "codename": "change_learningtopic"}}, {"model": "auth.permission", "pk": 127, "fields": {"name": "Can delete learning topic", "content_type": 32, "codename": "delete_learningtopic"}}, {"model": "auth.permission", "pk": 128, "fields": {"name": "Can view learning topic", "content_type": 32, "codename": "view_learningtopic"}}, {"model": "auth.permission", "pk": 129, "fields": {"name": "Can add topic asset", "content_type": 33, "codename": "add_topicasset"}}, {"model": "auth.permission", "pk": 130, "fields": {"name": "Can change topic asset", "content_type": 33, "codename": "change_topicasset"}}, {"model": "auth.permission", "pk": 131, "fields": {"name": "Can delete topic asset", "content_type": 33, "codename": "delete_topicasset"}}, {"model": "auth.permission", "pk": 132, "fields": {"name": "Can view topic asset", "content_type": 33, "codename": "view_topicasset"}}, {"model": "auth.permission", "pk": 133, "fields": {"name": "Can add assignment", "content_type": 34, "codename": "add_assignment"}}, {"model": "auth.permission", "pk": 134, "fields": {"name": "Can change assignment", "content_type": 34, "codename": "change_assignment"}}, {"model": "auth.permission", "pk": 135, "fields": {"name": "Can delete assignment", "content_type": 34, "codename": "delete_assignment"}}, {"model": "auth.permission", "pk": 136, "fields": {"name": "Can view assignment", "content_type": 34, "codename": "view_assignment"}}, {"model": "auth.permission", "pk": 137, "fields": {"name": "Can add student assignment", "content_type": 35, "codename": "add_studentassignment"}}, {"model": "auth.permission", "pk": 138, "fields": {"name": "Can change student assignment", "content_type": 35, "codename": "change_studentassignment"}}, {"model": "auth.permission", "pk": 139, "fields": {"name": "Can delete student assignment", "content_type": 35, "codename": "delete_studentassignment"}}, {"model": "auth.permission", "pk": 140, "fields": {"name": "Can view student assignment", "content_type": 35, "codename": "view_studentassignment"}}, {"model": "auth.permission", "pk": 141, "fields": {"name": "Can add student exam", "content_type": 36, "codename": "add_studentexam"}}, {"model": "auth.permission", "pk": 142, "fields": {"name": "Can change student exam", "content_type": 36, "codename": "change_studentexam"}}, {"model": "auth.permission", "pk": 143, "fields": {"name": "Can delete student exam", "content_type": 36, "codename": "delete_studentexam"}}, {"model": "auth.permission", "pk": 144, "fields": {"name": "Can view student exam", "content_type": 36, "codename": "view_studentexam"}}, {"model": "auth.permission", "pk": 145, "fields": {"name": "Can add question response", "content_type": 37, "codename": "add_questionresponse"}}, {"model": "auth.permission", "pk": 146, "fields": {"name": "Can change question response", "content_type": 37, "codename": "change_questionresponse"}}, {"model": "auth.permission", "pk": 147, "fields": {"name": "Can delete question response", "content_type": 37, "codename": "delete_questionresponse"}}, {"model": "auth.permission", "pk": 148, "fields": {"name": "Can view question response", "content_type": 37, "codename": "view_questionresponse"}}, {"model": "auth.permission", "pk": 149, "fields": {"name": "Can add thread response", "content_type": 38, "codename": "add_threadresponse"}}, {"model": "auth.permission", "pk": 150, "fields": {"name": "Can change thread response", "content_type": 38, "codename": "change_threadresponse"}}, {"model": "auth.permission", "pk": 151, "fields": {"name": "Can delete thread response", "content_type": 38, "codename": "delete_threadresponse"}}, {"model": "auth.permission", "pk": 152, "fields": {"name": "Can view thread response", "content_type": 38, "codename": "view_threadresponse"}}, {"model": "auth.permission", "pk": 153, "fields": {"name": "Can add thread", "content_type": 39, "codename": "add_thread"}}, {"model": "auth.permission", "pk": 154, "fields": {"name": "Can change thread", "content_type": 39, "codename": "change_thread"}}, {"model": "auth.permission", "pk": 155, "fields": {"name": "Can delete thread", "content_type": 39, "codename": "delete_thread"}}, {"model": "auth.permission", "pk": 156, "fields": {"name": "Can view thread", "content_type": 39, "codename": "view_thread"}}, {"model": "auth.permission", "pk": 157, "fields": {"name": "Can add forum", "content_type": 40, "codename": "add_forum"}}, {"model": "auth.permission", "pk": 158, "fields": {"name": "Can change forum", "content_type": 40, "codename": "change_forum"}}, {"model": "auth.permission", "pk": 159, "fields": {"name": "Can delete forum", "content_type": 40, "codename": "delete_forum"}}, {"model": "auth.permission", "pk": 160, "fields": {"name": "Can view forum", "content_type": 40, "codename": "view_forum"}}, {"model": "users.user", "pk": 1, "fields": {"password": "pbkdf2_sha256$180000$Za0stvvfKHqP$m4AGSd1UesOx/+OprcYjSKCsgBvtpGHYCti6KAvqjZ8=", "last_login": "2020-05-17T16:15:20.883Z", "is_superuser": true, "username": "admin", "email": "admin@gmail.com", "role": 1, "social_uid": null, "is_social_account": false, "is_active": true, "is_staff": true, "date_joined": "2020-03-26T13:53:34.641Z", "groups": [], "user_permissions": []}}, {"model": "users.user", "pk": 2, "fields": {"password": "!3LKMHQVARxIlQsWX0xR0m0pDAIxcIEQvGIB39xAD", "last_login": null, "is_superuser": false, "username": "natra", "email": "testuser@gmail.com", "role": 3, "social_uid": null, "is_social_account": false, "is_active": true, "is_staff": false, "date_joined": "2020-03-26T15:56:04.233Z", "groups": [], "user_permissions": []}}, {"model": "users.user", "pk": 3, "fields": {"password": "!6eXikR6eiCHXXFHEAhiJwd4DNgzsAIwVxQMzWOsH", "last_login": null, "is_superuser": false, "username": "Duy H\u00f9ng", "email": "hungduy1270@gmail.com", "role": 3, "social_uid": "eVyQ9B2czUQTUXlSayRE81pkGUM2", "is_social_account": true, "is_active": true, "is_staff": false, "date_joined": "2020-03-26T16:36:03.940Z", "groups": [], "user_permissions": []}}, {"model": "users.user", "pk": 4, "fields": {"password": "!X2IhEVLSaTfUJkBxvepL4ZvHCq3Fy09iJ9Yu0Rsz", "last_login": null, "is_superuser": false, "username": "Bui Duy Hung", "email": "hung.bui-duy@banvien.com.vn", "role": 3, "social_uid": "XmUGuKALScPAzNMYwZelMjru8kk1", "is_social_account": true, "is_active": true, "is_staff": false, "date_joined": "2020-03-27T14:24:24.313Z", "groups": [], "user_permissions": []}}, {"model": "users.user", "pk": 5, "fields": {"password": "pbkdf2_sha256$180000$imnrP5Eu6c8M$GEhPlZF3CukE0Fx02evl31wua8TdzMDHFg4t2UHPtVg=", "last_login": "2020-05-21T11:17:53.748Z", "is_superuser": true, "username": "Natsu", "email": "a@gmail.com", "role": 3, "social_uid": null, "is_social_account": false, "is_active": true, "is_staff": true, "date_joined": "2020-03-27T15:42:58.292Z", "groups": [], "user_permissions": []}}, {"model": "users.user", "pk": 6, "fields": {"password": "pbkdf2_sha256$180000$p4GVfTR3sVOs$RWyYAAomYqwjPMe5c0EHXqWkQCXQmc1anyLX5XLPDS0=", "last_login": null, "is_superuser": false, "username": "teacher1", "email": "teacher1@gmail.com", "role": 2, "social_uid": null, "is_social_account": false, "is_active": true, "is_staff": true, "date_joined": "2020-03-28T09:44:03.676Z", "groups": [], "user_permissions": []}}, {"model": "users.user", "pk": 7, "fields": {"password": "pbkdf2_sha256$180000$5Oo33CA6nRB1$UX1Iz5XMPQkADo6q7DwrTtA6c5/gWZ3thsJxEIeaciE=", "last_login": null, "is_superuser": false, "username": "teacher2", "email": "teacher2@gmail.com", "role": 2, "social_uid": null, "is_social_account": false, "is_active": true, "is_staff": true, "date_joined": "2020-03-28T09:44:13.149Z", "groups": [], "user_permissions": []}}, {"model": "users.user", "pk": 8, "fields": {"password": "pbkdf2_sha256$180000$bl8KarqfqkTC$hhrugM/l7OKaTInBrRB5nYDHZbPTAD8b5EL7yF8t2i4=", "last_login": null, "is_superuser": false, "username": "teacher3", "email": "teacher3@gmail.com", "role": 2, "social_uid": null, "is_social_account": false, "is_active": true, "is_staff": true, "date_joined": "2020-03-28T09:44:20.072Z", "groups": [], "user_permissions": []}}, {"model": "users.user", "pk": 9, "fields": {"password": "pbkdf2_sha256$180000$bQVze3b1LEIm$Lb2uNu49H719esv5v1kjjOJzpJStBJhmZ4QGaZL4BkM=", "last_login": null, "is_superuser": false, "username": "teacher4", "email": "teacher4@gmail.com", "role": 2, "social_uid": null, "is_social_account": false, "is_active": true, "is_staff": true, "date_joined": "2020-03-28T09:44:25.280Z", "groups": [], "user_permissions": []}}, {"model": "users.user", "pk": 10, "fields": {"password": "pbkdf2_sha256$180000$lGWJC2rcYT86$FNfx41L8J7bOQXMyhzBSi7SVQ5deGxMpXSNznZNJt7w=", "last_login": null, "is_superuser": false, "username": "teacher5", "email": "teacher5@gmail.com", "role": 2, "social_uid": null, "is_social_account": false, "is_active": true, "is_staff": true, "date_joined": "2020-03-28T09:44:30.564Z", "groups": [], "user_permissions": []}}, {"model": "users.user", "pk": 11, "fields": {"password": "pbkdf2_sha256$180000$Mw7dPtqPkQMv$Cul93UmZNkH89v8vgJts3LXTi/3/kXSOWJx6WvkZEZQ=", "last_login": "2020-04-02T09:34:13.629Z", "is_superuser": false, "username": "Hung", "email": "hung@gmail.com", "role": 3, "social_uid": null, "is_social_account": false, "is_active": true, "is_staff": false, "date_joined": "2020-04-01T13:11:29.417Z", "groups": [], "user_permissions": []}}, {"model": "profiles.profile", "pk": 1, "fields": {"first_name": "Admin", "last_name": "", "avatar": "profile/avatar/ggg.jpg", "phone_number": "0342573209", "birth_date": "2020-05-14", "gender": "M", "bio": "", "address": "", "is_teacher": false, "is_student": false, "university": "", "major": "", "occupation": "", "public_info": false, "created_date": "2020-05-14T14:28:16Z", "modified_date": "2020-05-16T10:18:18.144Z"}}, {"model": "profiles.profile", "pk": 2, "fields": {"first_name": "", "last_name": "", "avatar": "", "phone_number": "", "birth_date": null, "gender": "", "bio": null, "address": "", "is_teacher": false, "is_student": true, "university": "", "major": "", "occupation": "", "public_info": true, "created_date": "2020-03-26T15:56:04.513Z", "modified_date": "2020-03-26T15:56:04.601Z"}}, {"model": "profiles.profile", "pk": 3, "fields": {"first_name": "Cu", "last_name": "T\u00e8o", "avatar": "profile/avatar/c5.jpg", "phone_number": "", "birth_date": null, "gender": "", "bio": null, "address": "", "is_teacher": false, "is_student": false, "university": "", "major": "", "occupation": "", "public_info": false, "created_date": "2020-03-26T16:36:04.231Z", "modified_date": "2020-05-17T07:57:25.365Z"}}, {"model": "profiles.profile", "pk": 4, "fields": {"first_name": "", "last_name": "", "avatar": "", "phone_number": "", "birth_date": null, "gender": "", "bio": null, "address": "", "is_teacher": false, "is_student": true, "university": "", "major": "", "occupation": "", "public_info": true, "created_date": "2020-03-27T14:24:24.643Z", "modified_date": "2020-03-27T14:24:24.741Z"}}, {"model": "profiles.profile", "pk": 5, "fields": {"first_name": "B\u00f9i Duy", "last_name": "H\u00f9ng", "avatar": "profile/avatar/software-development.jpg", "phone_number": "", "birth_date": null, "gender": "", "bio": "", "address": "", "is_teacher": false, "is_student": false, "university": "", "major": "", "occupation": "", "public_info": false, "created_date": "2020-03-27T15:42:59Z", "modified_date": "2020-05-16T08:57:05.427Z"}}, {"model": "profiles.profile", "pk": 6, "fields": {"first_name": "B\u00f9i Duy", "last_name": "H\u00f9ng", "avatar": "profile/avatar/ff.jpg", "phone_number": "0342573209", "birth_date": "1997-12-07", "gender": "M", "bio": "", "address": "", "is_teacher": true, "is_student": false, "university": "", "major": "", "occupation": "", "public_info": true, "created_date": "2020-03-28T09:44:04Z", "modified_date": "2020-03-29T08:29:21.510Z"}}, {"model": "profiles.profile", "pk": 7, "fields": {"first_name": "Adam", "last_name": "Lambert", "avatar": "profile/avatar/g.jpg", "phone_number": "034", "birth_date": "2020-03-29", "gender": "F", "bio": "", "address": "", "is_teacher": true, "is_student": false, "university": "", "major": "", "occupation": "", "public_info": true, "created_date": "2020-03-28T09:44:13Z", "modified_date": "2020-03-29T08:29:46.607Z"}}, {"model": "profiles.profile", "pk": 8, "fields": {"first_name": "Griffith", "last_name": "", "avatar": "profile/avatar/e.jpg", "phone_number": "", "birth_date": null, "gender": "", "bio": "", "address": "", "is_teacher": true, "is_student": false, "university": "", "major": "", "occupation": "", "public_info": true, "created_date": "2020-03-28T09:44:20Z", "modified_date": "2020-03-29T08:30:10.430Z"}}, {"model": "profiles.profile", "pk": 9, "fields": {"first_name": "John", "last_name": "Conan", "avatar": "profile/avatar/f.jpg", "phone_number": "", "birth_date": null, "gender": "", "bio": "", "address": "", "is_teacher": true, "is_student": false, "university": "", "major": "", "occupation": "", "public_info": true, "created_date": "2020-03-28T09:44:26Z", "modified_date": "2020-03-29T08:30:43.025Z"}}, {"model": "profiles.profile", "pk": 10, "fields": {"first_name": "Koala", "last_name": "Hana", "avatar": "profile/avatar/a.jpg", "phone_number": "", "birth_date": null, "gender": "", "bio": "", "address": "", "is_teacher": true, "is_student": false, "university": "", "major": "", "occupation": "", "public_info": true, "created_date": "2020-03-28T09:44:31Z", "modified_date": "2020-03-29T08:31:02.365Z"}}, {"model": "profiles.profile", "pk": 11, "fields": {"first_name": "", "last_name": "", "avatar": "profile/avatar/user3_qFny2sp.jpg", "phone_number": "", "birth_date": null, "gender": "", "bio": null, "address": "", "is_teacher": false, "is_student": false, "university": "", "major": "", "occupation": "", "public_info": false, "created_date": "2020-04-01T13:11:29.859Z", "modified_date": "2020-04-02T08:05:29.152Z"}}, {"model": "courses.course", "pk": 1, "fields": {"title": "Python c\u01a1 b\u1ea3n", "code": "PY1", "icon": "c3.jpg", "level": "bg", "status": "active", "fee_type": "free", "slug": "python-co-ban", "open_date": null, "end_date": null, "field": 1, "created_date": "2020-03-28T09:44:55.548Z", "updated_date": "2020-05-26T14:53:26.739Z", "created_by": 1, "created_by_name": "admin@gmail.com", "program": [1], "teacher": [6], "tags": [4, 5, 6]}}, {"model": "courses.course", "pk": 2, "fields": {"title": "Python trung c\u1ea5p", "code": "PY2", "icon": "c2.jpg", "level": "im", "status": "active", "fee_type": null, "slug": "python-trung-cap", "open_date": null, "end_date": null, "field": 1, "created_date": "2020-03-28T09:45:41.782Z", "updated_date": "2020-05-26T14:53:44.733Z", "created_by": 1, "created_by_name": "admin@gmail.com", "program": [1], "teacher": [7], "tags": [4, 5, 6]}}, {"model": "courses.course", "pk": 3, "fields": {"title": "Python n\u00e2ng cao", "code": "PY3", "icon": "c7.jpg", "level": "av", "status": "active", "fee_type": null, "slug": "python-nang-cao", "open_date": null, "end_date": null, "field": 1, "created_date": "2020-03-28T09:46:02.917Z", "updated_date": "2020-05-26T14:53:51.693Z", "created_by": 1, "created_by_name": "admin@gmail.com", "program": [1], "teacher": [8], "tags": [4, 5, 6]}}, {"model": "courses.course", "pk": 4, "fields": {"title": "Machine Learning", "code": "ml1", "icon": "c5.jpg", "level": "al", "status": "active", "fee_type": null, "slug": "machine-learning", "open_date": null, "end_date": null, "field": 1, "created_date": "2020-03-28T09:46:28.834Z", "updated_date": "2020-04-18T11:08:24.586Z", "created_by": 1, "created_by_name": "admin@gmail.com", "program": [], "teacher": [9], "tags": [4, 5, 6]}}, {"model": "courses.course", "pk": 5, "fields": {"title": "C\u00e1c k\u1ef9 thu\u1eadt Python", "code": "py5", "icon": "courses/icon/pythn-trick.jpg", "level": "bg", "status": "active", "fee_type": null, "slug": "cac-ky-thuat-python", "open_date": null, "end_date": null, "field": 1, "created_date": "2020-04-06T06:01:17.247Z", "updated_date": "2020-05-26T14:53:55.699Z", "created_by": 1, "created_by_name": "admin@gmail.com", "program": [1], "teacher": [8], "tags": [4, 5, 6]}}, {"model": "courses.course", "pk": 6, "fields": {"title": "Javascript c\u01a1 b\u1ea3n", "code": "js1", "icon": "courses/icon/javascript-696x391.png", "level": "bg", "status": "active", "fee_type": null, "slug": "javascript-co-ban", "open_date": null, "end_date": null, "field": 1, "created_date": "2020-04-06T06:04:27.056Z", "updated_date": "2020-05-26T14:53:59.193Z", "created_by": 1, "created_by_name": "admin@gmail.com", "program": [], "teacher": [10], "tags": [5, 6, 8, 9]}}, {"model": "courses.course", "pk": 7, "fields": {"title": "L\u1eadp tr\u00ecnh web v\u1edbi Django", "code": "pydj1", "icon": "courses/icon/django-python.png", "level": "bg", "status": "active", "fee_type": null, "slug": "lap-trinh-web-voi-django", "open_date": "2020-04-08", "end_date": "2020-04-30", "field": 2, "created_date": "2020-04-08T04:58:01.078Z", "updated_date": "2020-05-26T14:54:03.611Z", "created_by": 1, "created_by_name": "admin@gmail.com", "program": [], "teacher": [7], "tags": [4, 9, 10, 20]}}, {"model": "programs.program", "pk": 1, "fields": {"name": "Master Python", "code": "mp1", "status": true, "icon": "python.png", "slug": "master-python", "field": 1, "short_description": "Basic path to master Python", "full_description": "<p>Python is an interpreted object-oriented programming language. It is open source, so the interpreter and source are freely available and distributable in binary form. Python has&nbsp;many built-in high-level data structures and utilizes dynamic typing and binding, making it an excellent choice for both scripting and application development. Programming in Python can be extremely quick and productive owing to the lack of a compilation step as well as the built-in debugger (also written in Python). This fast edit-test-debug cycle is one of the main draws for programmers who wish to develop in Python, while others are drawn to the active and passionate Python community. This path will take you from the basics of the Python language all the way up to working with web frameworks and programming a Raspberry Pi.</p>", "benefits": "<ul>\r\n\t<li>Syntax</li>\r\n\t<li>Python objects</li>\r\n\t<li>Scalar types</li>\r\n\t<li>Operators</li>\r\n\t<li>String I/O</li>\r\n\t<li>Functions</li>\r\n\t<li>Python modules</li>\r\n\t<li>Collections</li>\r\n\t<li>Python best practices</li>\r\n</ul>", "pre_requisites": "<p>Basic familiarity with the fundamental concepts of programming HTML</p>", "created_date": "2020-03-28T09:39:28.373Z", "created_by": 1, "created_by_name": "admin@gmail.com", "modified_date": "2020-04-05T14:44:12.189Z", "tags": [4, 5, 6, 13]}}, {"model": "programs.program", "pk": 2, "fields": {"name": "Python For Data Analyst", "code": "ppy2", "status": true, "icon": "python_0zf7kEy.png", "slug": "python-for-data-analyst", "field": 5, "short_description": "Python For Data Analyst", "full_description": "<p>C# is the most commonly used language for leveraging the .NET Framework. As such, learning C# is a springboard to creating enterprise systems, desktop applications, websites and&nbsp;mobile applications. The goal of this learning path is to take you from having little to no experience with C# to understanding how to leverage the language&#39;s advanced features and how it works on the CLR.</p>", "benefits": "<ul>\r\n\t<li>C# syntax</li>\r\n\t<li>Object oriented paradigm</li>\r\n\t<li>Arrays, lists, dictionaries</li>\r\n\t<li>Interfaces</li>\r\n\t<li>Generics</li>\r\n\t<li>Events, delegates, and lambdas</li>\r\n\t<li>LINQ</li>\r\n\t<li>Asynchronous programming</li>\r\n</ul>", "pre_requisites": "<p>No prior C# knowledge or experience is needed. Some understanding of common programming concepts, such as variables and looping, will be helpful.</p>", "created_date": "2020-03-29T01:25:54.427Z", "created_by": 1, "created_by_name": "admin@gmail.com", "modified_date": "2020-04-05T14:46:32.801Z", "tags": [4, 5, 6]}}, {"model": "programs.program", "pk": 3, "fields": {"name": "Python Zero To Hero", "code": "ppy3", "status": true, "icon": "ggg.jpg", "slug": "python-zero-to-hero", "field": 1, "short_description": "Python Zero To Hero", "full_description": "<p>C# is the most commonly used language for leveraging the .NET Framework. As such, learning C# is a springboard to creating enterprise systems, desktop applications, websites and&nbsp;mobile applications. The goal of this learning path is to take you from having little to no experience with C# to understanding how to leverage the language&#39;s advanced features and how it works on the CLR.</p>", "benefits": "<ul>\r\n\t<li>Syntax</li>\r\n\t<li>Python objects</li>\r\n\t<li>Scalar types</li>\r\n\t<li>Operators</li>\r\n\t<li>String I/O</li>\r\n\t<li>Functions</li>\r\n\t<li>Python modules</li>\r\n\t<li>Collections</li>\r\n\t<li>Python best practices</li>\r\n</ul>", "pre_requisites": "<p>Basic familiarity with the fundamental concepts of programming languages, and Python is advantage</p>", "created_date": "2020-03-29T01:38:25.421Z", "created_by": 1, "created_by_name": "admin@gmail.com", "modified_date": "2020-04-05T14:45:35.635Z", "tags": [4, 5, 6]}}, {"model": "course_homes.coursehome", "pk": 1, "fields": {"course": 1, "status": true, "slug": "python-co-ban", "maximum_number": null, "created_date": "2020-04-17", "modified_date": "2020-05-26", "course_info": "<p>Ph\u1ea7n n&agrave;y bao g\u1ed3m c&aacute;c t&agrave;i li\u1ec7u gi\u1edbi thi\u1ec7u v\u1ec1 m&ocirc;n h\u1ecdc v&agrave; c&aacute;c th&ocirc;ng tin quan tr\u1ecdng.</p>\r\n\r\n<p>C&aacute;c m\u1ee5c:</p>\r\n\r\n<p>1. \u0110\u1ec1 c\u01b0\u01a1ng m&ocirc;n h\u1ecdc</p>\r\n\r\n<p>2. Slide v&agrave; video b&agrave;i gi\u1ea3ng</p>\r\n\r\n<p>C&aacute;c b\u1ea1n xem video &amp; l&agrave;m b&agrave;i t\u1eadp trong c&aacute;c ph\u1ea7n theo sau.</p>\r\n\r\n<p><strong>L\u01b0u &yacute; c&aacute;c b\u1ea1n ph\u1ea3i:</strong></p>\r\n\r\n<p><strong>- xem c&aacute;c video b&agrave;i gi\u1ea3ng&nbsp;</strong></p>\r\n\r\n<p><strong>- v&agrave; l&agrave;m b&agrave;i t\u1eadp \u1edf cu\u1ed1i m\u1ed7i video ho\u1eb7c m\u1ed7i ch\u01b0\u01a1ng.&nbsp;</strong></p>\r\n\r\n<p><strong>\u0110&acirc;y l&agrave; \u0111i\u1ec1u ki\u1ec7n c\u1ea7n \u0111\u1ec3 c&aacute;c b\u1ea1n c&oacute; th\u1ec3 thi cu\u1ed1i k\u1ef3. N\u1ebfu c&aacute;c b\u1ea1n kh&ocirc;ng ho&agrave;n th&agrave;nh 2 y&ecirc;u tr&ecirc;n s\u1ebd KH&Ocirc;NG \u0111\u01b0\u1ee3c thi cu\u1ed1i k\u1ef3.</strong></p>", "students": [1, 3, 5]}}, {"model": "course_homes.coursehome", "pk": 2, "fields": {"course": 2, "status": true, "slug": "python-trung-cap", "maximum_number": null, "created_date": "2020-04-18", "modified_date": "2020-05-26", "course_info": "<p>Ph\u1ea7n n&agrave;y bao g\u1ed3m c&aacute;c t&agrave;i li\u1ec7u gi\u1edbi thi\u1ec7u v\u1ec1 m&ocirc;n h\u1ecdc v&agrave; c&aacute;c th&ocirc;ng tin quan tr\u1ecdng.</p>\r\n\r\n<p>C&aacute;c m\u1ee5c:</p>\r\n\r\n<p>1. \u0110\u1ec1 c\u01b0\u01a1ng m&ocirc;n h\u1ecdc</p>\r\n\r\n<p>2. Slide v&agrave; video b&agrave;i gi\u1ea3ng</p>\r\n\r\n<p>C&aacute;c b\u1ea1n xem video &amp; l&agrave;m b&agrave;i t\u1eadp trong c&aacute;c ph\u1ea7n theo sau.</p>\r\n\r\n<p><strong>L\u01b0u &yacute; c&aacute;c b\u1ea1n ph\u1ea3i:</strong></p>\r\n\r\n<p><strong>- xem c&aacute;c video b&agrave;i gi\u1ea3ng&nbsp;</strong></p>\r\n\r\n<p><strong>- v&agrave; l&agrave;m b&agrave;i t\u1eadp \u1edf cu\u1ed1i m\u1ed7i video ho\u1eb7c m\u1ed7i ch\u01b0\u01a1ng.&nbsp;</strong></p>\r\n\r\n<p><strong>\u0110&acirc;y l&agrave; \u0111i\u1ec1u ki\u1ec7n c\u1ea7n \u0111\u1ec3 c&aacute;c b\u1ea1n c&oacute; th\u1ec3 thi cu\u1ed1i k\u1ef3. N\u1ebfu c&aacute;c b\u1ea1n kh&ocirc;ng ho&agrave;n th&agrave;nh 2 y&ecirc;u tr&ecirc;n s\u1ebd KH&Ocirc;NG \u0111\u01b0\u1ee3c thi cu\u1ed1i k\u1ef3.</strong></p>", "students": [1, 5]}}, {"model": "course_homes.coursehome", "pk": 3, "fields": {"course": 3, "status": true, "slug": "python-nang-cao", "maximum_number": null, "created_date": "2020-04-18", "modified_date": "2020-05-26", "course_info": "<p>Ph\u1ea7n n&agrave;y bao g\u1ed3m c&aacute;c t&agrave;i li\u1ec7u gi\u1edbi thi\u1ec7u v\u1ec1 m&ocirc;n h\u1ecdc v&agrave; c&aacute;c th&ocirc;ng tin quan tr\u1ecdng.</p>\r\n\r\n<p>C&aacute;c m\u1ee5c:</p>\r\n\r\n<p>1. \u0110\u1ec1 c\u01b0\u01a1ng m&ocirc;n h\u1ecdc</p>\r\n\r\n<p>2. Slide v&agrave; video b&agrave;i gi\u1ea3ng</p>\r\n\r\n<p>C&aacute;c b\u1ea1n xem video &amp; l&agrave;m b&agrave;i t\u1eadp trong c&aacute;c ph\u1ea7n theo sau.</p>\r\n\r\n<p><strong>L\u01b0u &yacute; c&aacute;c b\u1ea1n ph\u1ea3i:</strong></p>\r\n\r\n<p><strong>- xem c&aacute;c video b&agrave;i gi\u1ea3ng&nbsp;</strong></p>\r\n\r\n<p><strong>- v&agrave; l&agrave;m b&agrave;i t\u1eadp \u1edf cu\u1ed1i m\u1ed7i video ho\u1eb7c m\u1ed7i ch\u01b0\u01a1ng.&nbsp;</strong></p>\r\n\r\n<p><strong>\u0110&acirc;y l&agrave; \u0111i\u1ec1u ki\u1ec7n c\u1ea7n \u0111\u1ec3 c&aacute;c b\u1ea1n c&oacute; th\u1ec3 thi cu\u1ed1i k\u1ef3. N\u1ebfu c&aacute;c b\u1ea1n kh&ocirc;ng ho&agrave;n th&agrave;nh 2 y&ecirc;u tr&ecirc;n s\u1ebd KH&Ocirc;NG \u0111\u01b0\u1ee3c thi cu\u1ed1i k\u1ef3.</strong></p>", "students": [5]}}, {"model": "course_homes.coursehome", "pk": 4, "fields": {"course": 4, "status": true, "slug": "machine-learning", "maximum_number": null, "created_date": "2020-04-18", "modified_date": "2020-04-20", "course_info": "<p>Ph\u1ea7n n&agrave;y bao g\u1ed3m c&aacute;c t&agrave;i li\u1ec7u gi\u1edbi thi\u1ec7u v\u1ec1 m&ocirc;n h\u1ecdc v&agrave; c&aacute;c th&ocirc;ng tin quan tr\u1ecdng.</p>\r\n\r\n<p>C&aacute;c m\u1ee5c:</p>\r\n\r\n<p>1. \u0110\u1ec1 c\u01b0\u01a1ng m&ocirc;n h\u1ecdc</p>\r\n\r\n<p>2. Slide v&agrave; video b&agrave;i gi\u1ea3ng</p>\r\n\r\n<p>C&aacute;c b\u1ea1n xem video &amp; l&agrave;m b&agrave;i t\u1eadp trong c&aacute;c ph\u1ea7n theo sau.</p>\r\n\r\n<p><strong>L\u01b0u &yacute; c&aacute;c b\u1ea1n ph\u1ea3i:</strong></p>\r\n\r\n<p><strong>- xem c&aacute;c video b&agrave;i gi\u1ea3ng&nbsp;</strong></p>\r\n\r\n<p><strong>- v&agrave; l&agrave;m b&agrave;i t\u1eadp \u1edf cu\u1ed1i m\u1ed7i video ho\u1eb7c m\u1ed7i ch\u01b0\u01a1ng.&nbsp;</strong></p>\r\n\r\n<p><strong>\u0110&acirc;y l&agrave; \u0111i\u1ec1u ki\u1ec7n c\u1ea7n \u0111\u1ec3 c&aacute;c b\u1ea1n c&oacute; th\u1ec3 thi cu\u1ed1i k\u1ef3. N\u1ebfu c&aacute;c b\u1ea1n kh&ocirc;ng ho&agrave;n th&agrave;nh 2 y&ecirc;u tr&ecirc;n s\u1ebd KH&Ocirc;NG \u0111\u01b0\u1ee3c thi cu\u1ed1i k\u1ef3.</strong></p>", "students": []}}, {"model": "course_homes.coursehome", "pk": 5, "fields": {"course": 5, "status": true, "slug": "cac-ky-thuat-python", "maximum_number": null, "created_date": "2020-04-18", "modified_date": "2020-05-26", "course_info": "", "students": []}}, {"model": "course_homes.coursehome", "pk": 6, "fields": {"course": 6, "status": true, "slug": "javascript-co-ban", "maximum_number": null, "created_date": "2020-04-18", "modified_date": "2020-05-26", "course_info": "", "students": []}}, {"model": "course_homes.coursehome", "pk": 7, "fields": {"course": 7, "status": true, "slug": "lap-trinh-web-voi-django", "maximum_number": null, "created_date": "2020-04-18", "modified_date": "2020-05-26", "course_info": "", "students": []}}, {"model": "exams.exam", "pk": 1, "fields": {"name": "Quiz 1", "code": "qu1", "exam_type": "lt", "topic": 1, "duration": 60, "pass_score": 5.0, "status": true, "created_date": "2020-05-07T13:38:41.567Z", "modified_date": "2020-05-07T13:38:41.571Z", "created_by": 1, "modified_by": null, "questions": [1, 2, 3, 4, 5, 6, 7, 8, 9, 10]}}, {"model": "exams.exam", "pk": 2, "fields": {"name": "Quiz 2: Ki\u1ec3m tra ki\u1ebfn th\u1ee9c", "code": "q2", "exam_type": "lt", "topic": 2, "duration": 123, "pass_score": 3.0, "status": true, "created_date": "2020-05-07T14:57:05.515Z", "modified_date": "2020-05-07T14:57:05.523Z", "created_by": 1, "modified_by": null, "questions": [1, 2, 3, 4, 5]}}, {"model": "exams.studentexam", "pk": 1, "fields": {"exam": 1, "student": 5, "date_taken": "2020-05-09T15:14:05.374Z", "result": 10.0}}, {"model": "exams.studentexam", "pk": 2, "fields": {"exam": 1, "student": 5, "date_taken": "2020-05-09T15:26:22.189Z", "result": 10.0}}, {"model": "exams.studentexam", "pk": 3, "fields": {"exam": 1, "student": 5, "date_taken": "2020-05-09T15:45:32.025Z", "result": 10.0}}, {"model": "exams.studentexam", "pk": 4, "fields": {"exam": 1, "student": 5, "date_taken": "2020-05-09T15:50:02.284Z", "result": 10.0}}, {"model": "exams.studentexam", "pk": 5, "fields": {"exam": 1, "student": 5, "date_taken": "2020-05-09T16:16:02.486Z", "result": 10.0}}, {"model": "exams.studentexam", "pk": 6, "fields": {"exam": 1, "student": 5, "date_taken": "2020-05-09T16:18:44.788Z", "result": 10.0}}, {"model": "exams.studentexam", "pk": 7, "fields": {"exam": 1, "student": 5, "date_taken": "2020-05-09T16:21:02.449Z", "result": 10.0}}, {"model": "exams.studentexam", "pk": 8, "fields": {"exam": 2, "student": 5, "date_taken": "2020-05-09T16:52:21.330Z", "result": 1.0}}, {"model": "exams.studentexam", "pk": 9, "fields": {"exam": 2, "student": 5, "date_taken": "2020-05-09T16:52:21.334Z", "result": 1.0}}, {"model": "exams.studentexam", "pk": 10, "fields": {"exam": 2, "student": 5, "date_taken": "2020-05-09T16:52:21.326Z", "result": 1.0}}, {"model": "exams.studentexam", "pk": 11, "fields": {"exam": 1, "student": 5, "date_taken": "2020-05-10T05:16:20.655Z", "result": 1.0}}, {"model": "exams.studentexam", "pk": 12, "fields": {"exam": 1, "student": 5, "date_taken": "2020-05-10T05:22:21.785Z", "result": 1.0}}, {"model": "exams.studentexam", "pk": 13, "fields": {"exam": 2, "student": 5, "date_taken": "2020-05-10T06:20:07.158Z", "result": 1.0}}, {"model": "exams.studentexam", "pk": 14, "fields": {"exam": 2, "student": 5, "date_taken": "2020-05-10T06:20:59.746Z", "result": 4.0}}, {"model": "exams.studentexam", "pk": 15, "fields": {"exam": 2, "student": 5, "date_taken": "2020-05-10T06:22:16.092Z", "result": 3.5}}, {"model": "exams.studentexam", "pk": 16, "fields": {"exam": 1, "student": 5, "date_taken": "2020-05-10T07:10:38.757Z", "result": 0.5}}, {"model": "exams.studentexam", "pk": 17, "fields": {"exam": 1, "student": 5, "date_taken": "2020-05-10T07:10:42.912Z", "result": 0.5}}, {"model": "exams.studentexam", "pk": 18, "fields": {"exam": 1, "student": 5, "date_taken": "2020-05-10T07:32:14.211Z", "result": 2.5}}, {"model": "exams.studentexam", "pk": 19, "fields": {"exam": 1, "student": 5, "date_taken": "2020-05-10T07:32:52.962Z", "result": 0.0}}, {"model": "exams.studentexam", "pk": 20, "fields": {"exam": 1, "student": 5, "date_taken": "2020-05-10T07:45:28.424Z", "result": 2.0}}, {"model": "exams.studentexam", "pk": 21, "fields": {"exam": 1, "student": 5, "date_taken": "2020-05-10T07:58:35.186Z", "result": 3.5}}, {"model": "exams.studentexam", "pk": 22, "fields": {"exam": 2, "student": 5, "date_taken": "2020-05-10T08:01:25.662Z", "result": 1.0}}, {"model": "exams.studentexam", "pk": 23, "fields": {"exam": 2, "student": 5, "date_taken": "2020-05-10T08:02:03.647Z", "result": 1.5}}, {"model": "exams.studentexam", "pk": 24, "fields": {"exam": 2, "student": 5, "date_taken": "2020-05-10T08:03:03.812Z", "result": 2.0}}, {"model": "exams.studentexam", "pk": 25, "fields": {"exam": 2, "student": 5, "date_taken": "2020-05-10T08:04:29.592Z", "result": 1.0}}, {"model": "exams.studentexam", "pk": 26, "fields": {"exam": 2, "student": 5, "date_taken": "2020-05-10T08:07:25.084Z", "result": 1.0}}, {"model": "exams.studentexam", "pk": 27, "fields": {"exam": 2, "student": 5, "date_taken": "2020-05-10T08:11:37.166Z", "result": 1.5}}, {"model": "exams.studentexam", "pk": 28, "fields": {"exam": 2, "student": 5, "date_taken": "2020-05-10T08:12:36.152Z", "result": 1.5}}, {"model": "exams.studentexam", "pk": 29, "fields": {"exam": 1, "student": 1, "date_taken": "2020-05-18T11:56:53.539Z", "result": 0.0}}, {"model": "exams.studentexam", "pk": 30, "fields": {"exam": 1, "student": 1, "date_taken": "2020-05-18T11:57:32.916Z", "result": 4.0}}, {"model": "exams.studentexam", "pk": 31, "fields": {"exam": 1, "student": 1, "date_taken": "2020-05-21T11:42:19.907Z", "result": 2.0}}, {"model": "tags.tag", "pk": 4, "fields": {"name": "python", "code": "py2", "created_by": 1, "created_date": "2020-03-29"}}, {"model": "tags.tag", "pk": 5, "fields": {"name": "programming", "code": "pg1", "created_by": 1, "created_date": "2020-03-29"}}, {"model": "tags.tag", "pk": 6, "fields": {"name": "programming language", "code": "pg2", "created_by": 1, "created_date": "2020-03-29"}}, {"model": "tags.tag", "pk": 7, "fields": {"name": "data", "code": "d1", "created_by": 1, "created_date": "2020-03-29"}}, {"model": "tags.tag", "pk": 8, "fields": {"name": "javascript", "code": "js1", "created_by": 1, "created_date": "2020-03-29"}}, {"model": "tags.tag", "pk": 9, "fields": {"name": "frontend", "code": "fe1", "created_by": 1, "created_date": "2020-03-29"}}, {"model": "tags.tag", "pk": 10, "fields": {"name": "backend", "code": "be1", "created_by": 1, "created_date": "2020-03-29"}}, {"model": "tags.tag", "pk": 11, "fields": {"name": "java", "code": "jv1", "created_by": 1, "created_date": "2020-03-29"}}, {"model": "tags.tag", "pk": 12, "fields": {"name": "php", "code": "php1", "created_by": 1, "created_date": "2020-03-29"}}, {"model": "tags.tag", "pk": 13, "fields": {"name": "css", "code": "css1", "created_by": 1, "created_date": "2020-03-29"}}, {"model": "tags.tag", "pk": 14, "fields": {"name": "html", "code": "html1", "created_by": 1, "created_date": "2020-03-29"}}, {"model": "tags.tag", "pk": 15, "fields": {"name": "react", "code": "react1", "created_by": 1, "created_date": "2020-03-29"}}, {"model": "tags.tag", "pk": 16, "fields": {"name": "reactjs", "code": "react2", "created_by": 1, "created_date": "2020-03-29"}}, {"model": "tags.tag", "pk": 17, "fields": {"name": "react native", "code": "react3", "created_by": 1, "created_date": "2020-03-29"}}, {"model": "tags.tag", "pk": 18, "fields": {"name": "angular", "code": "ang1", "created_by": 1, "created_date": "2020-03-29"}}, {"model": "tags.tag", "pk": 19, "fields": {"name": "vue", "code": "vue1", "created_by": 1, "created_date": "2020-03-29"}}, {"model": "tags.tag", "pk": 20, "fields": {"name": "web", "code": "web", "created_by": 1, "created_date": "2020-04-08"}}, {"model": "questions.question", "pk": 1, "fields": {"name": "Question 1 - Python l\u00e0 g\u00ec", "code": "q1", "content": "<p><strong>Python </strong>l&agrave; g&igrave; ?</p>", "question_type": "mc", "difficult_level": "e", "score": 1.0, "status": true, "created_date": "2020-04-09T15:56:16.637Z", "created_by": 1, "choices": [1, 2, 3, 4], "answers": [2], "question_kits": [1]}}, {"model": "questions.question", "pk": 2, "fields": {"name": "Question 2 - PEP 8 l\u00e0 g\u00ec", "code": "q2", "content": "<p>PEP 8 l&agrave; g&igrave; ?</p>", "question_type": "cb", "difficult_level": "e", "score": 1.0, "status": true, "created_date": "2020-04-10T02:16:18.809Z", "created_by": 1, "choices": [5, 6, 7, 8], "answers": [6, 7], "question_kits": [1]}}, {"model": "questions.question", "pk": 3, "fields": {"name": "Question 3 - Lambda trong Python", "code": "q3", "content": "<p>Lamba trong Python l&agrave; g&igrave; ?</p>", "question_type": "cb", "difficult_level": "e", "score": 1.0, "status": true, "created_date": "2020-04-10T03:07:29.692Z", "created_by": 1, "choices": [9, 10, 11, 12], "answers": [11, 12], "question_kits": [1]}}, {"model": "questions.question", "pk": 4, "fields": {"name": "Question 4 - Bi\u1ebfn trong python", "code": "q4", "content": "<p>C&aacute;ch kh\u1edfi t\u1ea1o bi\u1ebfn trong Python ?</p>", "question_type": "mc", "difficult_level": "e", "score": 1.0, "status": true, "created_date": "2020-04-10T03:10:28.027Z", "created_by": 1, "choices": [13, 14, 15, 16], "answers": [15], "question_kits": [1]}}, {"model": "questions.question", "pk": 5, "fields": {"name": "Question 5 - Max integer value", "code": "q5", "content": "<p>In Python 3, the maximum value for an integer is 2<sup>63</sup>&nbsp;- 1:</p>", "question_type": "tf", "difficult_level": "e", "score": 1.0, "status": true, "created_date": "2020-04-10T15:18:55.201Z", "created_by": 1, "choices": [17, 18], "answers": [18], "question_kits": [1]}}, {"model": "questions.question", "pk": 6, "fields": {"name": "Question 6 - Out put of raining'. find('z') ?", "code": "q6", "content": "<p>Output c\u1ee7a&nbsp;raining&#39;. find(&#39;z&#39;) ?</p>", "question_type": "mc", "difficult_level": "m", "score": 1.0, "status": true, "created_date": "2020-04-10T15:23:48.954Z", "created_by": 1, "choices": [19, 20, 21], "answers": [19], "question_kits": [1]}}, {"model": "questions.question", "pk": 7, "fields": {"name": "Question 7 -  How Python is interpreted", "code": "q7", "content": "<p>&nbsp;How Python is interpreted ?</p>", "question_type": "mc", "difficult_level": "m", "score": 1.0, "status": true, "created_date": "2020-04-10T15:25:48.302Z", "created_by": 1, "choices": [22, 23], "answers": [22], "question_kits": [1]}}, {"model": "questions.question", "pk": 8, "fields": {"name": "Question 8 - How memory is managed in Python", "code": "q8", "content": "<p>How memory is managed in Python ?</p>", "question_type": "mc", "difficult_level": "m", "score": 1.0, "status": true, "created_date": "2020-04-10T15:26:37.863Z", "created_by": 1, "choices": [24, 25, 26], "answers": [25], "question_kits": [1]}}, {"model": "questions.question", "pk": 9, "fields": {"name": "Question 9 - What is PYTHONPATH?", "code": "q9", "content": "<h3>What is PYTHONPATH?</h3>", "question_type": "mc", "difficult_level": "m", "score": 1.0, "status": true, "created_date": "2020-04-10T15:27:20.467Z", "created_by": 1, "choices": [27, 28, 29, 30], "answers": [27], "question_kits": [1]}}, {"model": "questions.question", "pk": 10, "fields": {"name": "Question 10 - What is __init__?", "code": "q10", "content": "<h3>What is __init__?</h3>", "question_type": "mc", "difficult_level": "m", "score": 1.0, "status": true, "created_date": "2020-04-10T15:28:28.875Z", "created_by": 1, "choices": [29, 30, 31, 32], "answers": [31], "question_kits": [1]}}, {"model": "questions.question", "pk": 11, "fields": {"name": "Question 11 -", "code": "q11", "content": "<p>How many stars in the sky ?</p>", "question_type": "mc", "difficult_level": "h", "score": 1.0, "status": true, "created_date": "2020-04-11T03:06:44.453Z", "created_by": 1, "choices": [32, 33, 34, 35], "answers": [32], "question_kits": [1]}}, {"model": "questions.question", "pk": 12, "fields": {"name": "Question 12 - Sky", "code": "q12", "content": "<p>How many galaxies ?</p>", "question_type": "mc", "difficult_level": "h", "score": 1.0, "status": true, "created_date": "2020-04-11T03:07:29.904Z", "created_by": 1, "choices": [34, 35, 36, 37], "answers": [34], "question_kits": [1]}}, {"model": "questions.question", "pk": 13, "fields": {"name": "Question 13 - Universal", "code": "q13", "content": "<p>The age of our universal ?</p>", "question_type": "mc", "difficult_level": "h", "score": 1.0, "status": true, "created_date": "2020-04-11T03:07:59.490Z", "created_by": 1, "choices": [38, 39], "answers": [38], "question_kits": [1]}}, {"model": "questions.question", "pk": 14, "fields": {"name": "Question 14 - Big bang", "code": "q14", "content": "<p>Does Big Bang exist ?</p>", "question_type": "mc", "difficult_level": "h", "score": 1.0, "status": true, "created_date": "2020-04-11T03:08:43.761Z", "created_by": 1, "choices": [40, 41], "answers": [40, 41], "question_kits": [1]}}, {"model": "questions.questionkit", "pk": 1, "fields": {"name": "Python Question Kit 1", "code": "qk-py1", "skill": 1, "status": true, "created_by": 1, "created_date": "2020-04-10", "modified_by": null, "modified_date": "2020-04-10"}}, {"model": "forums.forum", "pk": 1, "fields": {"name": "Ch\u01b0\u01a1ng 1 - H\u1ecfi \u0111\u00e1p", "info": "<p>H\u1ecfi \u0111&aacute;p v\u1ec1 ch\u01b0\u01a1ng 1</p>", "course_home": 1, "status": true, "created_date": "2020-05-10", "created_by": 1}}, {"model": "forums.forum", "pk": 2, "fields": {"name": "Ch\u01b0\u01a1ng 2 - H\u1ecfi \u0111\u00e1p", "info": "<p>H\u1ecfi \u0111&aacute;p ch\u01b0\u01a1ng 2</p>", "course_home": 1, "status": true, "created_date": "2020-05-11", "created_by": 1}}, {"model": "forums.thread", "pk": 1, "fields": {"name": "H\u1ecfi v\u1ec1 \u1ee9ng d\u1ee5ng c\u1ee7a Python", "forum": 1, "content": "<p>T&ocirc;i xin \u0111\u1eb7t m\u1ed9t c&acirc;u h\u1ecfi v\u1ec1 \u1ee9ng d\u1ee5ng c\u1ee7a Python l&agrave; Python d&ugrave;ng nhi\u1ec1u cho web h\u01a1n hay v\u1ec1 science h\u01a1n. C\u1ea3m \u01a1n</p>", "status": true, "view": 0, "created_date": "2020-05-10T13:53:08.773Z", "created_by": 1}}, {"model": "forums.thread", "pk": 2, "fields": {"name": "Th\u1eafc m\u1eafc v\u1ec1 Python", "forum": 1, "content": "<p>Th\u1eafc m\u1eafc kh&ocirc;ng bi\u1ebft c&agrave;i \u0111\u1eb7t Python</p>", "status": true, "view": 0, "created_date": "2020-05-16T04:53:50.090Z", "created_by": 1}}, {"model": "forums.thread", "pk": 4, "fields": {"name": "Th\u1eafc m\u1eafc v\u1ec1 lambda trong Python", "forum": 1, "content": "<p>Th\u1eafc m\u1eafc v\u1ec1 lambda trong Python</p>", "status": true, "view": 0, "created_date": "2020-05-17T04:56:37.354Z", "created_by": 5}}, {"model": "forums.thread", "pk": 5, "fields": {"name": "\u0110\u00e2y l\u00e0 \u0111\u00e2u", "forum": 2, "content": "<p><i><strong>\u0110\u00e2y l\u00e0 \u0111\u00e2u v\u1eady tr\u1eddi</strong></i></p>", "status": true, "view": 0, "created_date": "2020-05-17T04:58:00.063Z", "created_by": 5}}, {"model": "forums.thread", "pk": 6, "fields": {"name": "Th\u1eafc m\u1eafc v\u1ec1 lambda trong Python", "forum": 2, "content": "<p>Hello</p>", "status": true, "view": 0, "created_date": "2020-05-17T05:01:19.991Z", "created_by": 5}}, {"model": "forums.thread", "pk": 17, "fields": {"name": "Heello", "forum": 1, "content": "<p>121121sdsd</p>", "status": true, "view": 0, "created_date": "2020-05-18T11:56:00.014Z", "created_by": 1}}, {"model": "forums.threadresponse", "pk": 12, "fields": {"content": "<p>H\u1ecfi l\u00e0m g\u00ec</p>", "thread": 4, "parent": null, "created_by": 5, "timestamp": "2020-05-17T16:14:03.544Z"}}, {"model": "forums.threadresponse", "pk": 18, "fields": {"content": "<p>Hell yeah man!!!</p>", "thread": 2, "parent": null, "created_by": 1, "timestamp": "2020-05-18T05:30:03.216Z"}}, {"model": "forums.threadresponse", "pk": 23, "fields": {"content": "<p>Binh luan 1111</p>", "thread": 4, "parent": null, "created_by": 1, "timestamp": "2020-05-18T11:20:11.611Z"}}, {"model": "forums.threadresponse", "pk": 25, "fields": {"content": "<p>Binh luan nae</p>", "thread": 4, "parent": null, "created_by": 1, "timestamp": "2020-05-18T11:25:03.566Z"}}, {"model": "forums.threadresponse", "pk": 26, "fields": {"content": "T\u00f4i xin tr\u1ea3 l\u1eddi l\u00e0 t\u00f4i kh\u00f4ng bi\u1ebft", "thread": 2, "parent": null, "created_by": 5, "timestamp": "2020-05-18T11:28:33.392Z"}}, {"model": "forums.threadresponse", "pk": 32, "fields": {"content": "T\u00f4i xin tr\u1ea3 l\u1eddi l\u00e0 t\u00f4i kh\u00f4ng bi\u1ebft", "thread": 2, "parent": null, "created_by": 5, "timestamp": "2020-05-18T11:46:13.334Z"}}, {"model": "forums.threadresponse", "pk": 37, "fields": {"content": "<p>I love you</p>", "thread": 4, "parent": null, "created_by": 1, "timestamp": "2020-05-18T11:54:24.975Z"}}, {"model": "knox.authtoken", "pk": "09ad3f7345ad2c6c599befd0287b561c72ada8f6a307bb601d5d9da35b4f51c5eb3e7d8234ba7b7d27f1430b3289cffb08aeef2797630884b7ade85ff25e3ef3", "fields": {"token_key": "0dabd2cc", "salt": "8a9419dfb50c5e51", "user": 8, "created": "2020-03-28T09:44:21.000Z", "expiry": null}}, {"model": "knox.authtoken", "pk": "0c7d5040c50e430361924f2f2f8b4024379c26756209627cadc82089f08b0e0b326642c4019b487396492e24f647c92d47f9804f5a88db8621d2757108c95f72", "fields": {"token_key": "1c073160", "salt": "e7b98f27720e02b2", "user": 1, "created": "2020-04-11T07:12:36.033Z", "expiry": null}}, {"model": "knox.authtoken", "pk": "112e97fcba58422dacc25e879e7ed37275397a25de8d3f8fe3ce070a65337dcfdaf940a17264d86451f84dd8a5dd93301ea2b8a9ca669ede12598616c8e294a9", "fields": {"token_key": "5083db45", "salt": "828374242cfbc9df", "user": 10, "created": "2020-03-28T09:44:31.381Z", "expiry": null}}, {"model": "knox.authtoken", "pk": "2e03d9ecad120560390327387b087ffc1afcd18a2ff75b49bf6bc7391d20eed0e81e209d177fc17908ad025e80afc35b8f6e29c37c7411f11fcc9dab231b7b09", "fields": {"token_key": "6e597b5a", "salt": "794dad7fab6e17e9", "user": 1, "created": "2020-04-10T12:41:37.741Z", "expiry": null}}, {"model": "knox.authtoken", "pk": "2ef160a7464ac0f0bf75d5132f333094452df3d666e5c0dd19bbe37d076ae7f3f6d475188cb28c01920a6644e1ce00effcf493c334bc85bcf8781e25ea2db29f", "fields": {"token_key": "b7d04f9f", "salt": "1d18754916ba4a4a", "user": 5, "created": "2020-04-12T10:24:44.766Z", "expiry": null}}, {"model": "knox.authtoken", "pk": "3180c130365768540ac62e19d76ad269e93df158d1fc7684dec9492a40ec01ab9dc16860f74043c8ce2278b0767cf0e6676ec5465d1b5d7dd5485de67cd0f064", "fields": {"token_key": "238ecdd8", "salt": "6d8a3a19c39cdf2d", "user": 5, "created": "2020-03-27T16:25:43.343Z", "expiry": null}}, {"model": "knox.authtoken", "pk": "3209492f1530d3a1b0b97a0d8d48b548aff2f08c932403fe123670a38d172db49b63cb92ba0c5c6218c64c3d92f7ea8818ccfaf94fc68eaa6dcaa3f5d47723b8", "fields": {"token_key": "af6ed510", "salt": "f86b0e5dda142f0d", "user": 3, "created": "2020-03-27T14:26:09.991Z", "expiry": null}}, {"model": "knox.authtoken", "pk": "38d6b8e5f829bf1fdce81e0b56e17de189ff098259add83409ac519a7da2c7811712b34c291a077ada66f85e51b0179d5af729a30e0114871678ce13e64c9634", "fields": {"token_key": "d6bc22a4", "salt": "f554fe089251dd78", "user": 3, "created": "2020-03-27T14:40:08.454Z", "expiry": null}}, {"model": "knox.authtoken", "pk": "3c4446638aa84a9cbcfc0de9e44dd2ba6e98b8506d590e96919452c391398e986e0792950b002e24be428ad450183aab6fc84de4513a04ce2e26beb84c1af444", "fields": {"token_key": "31451a71", "salt": "1b36a455cb796fc8", "user": 5, "created": "2020-04-20T07:58:08.673Z", "expiry": null}}, {"model": "knox.authtoken", "pk": "3f225f30d102c20c6a1c57f8b68d04b54582217e5c557ad30d9c63ef62542f0befb9d6024f565588cef35502e96665c2132c4ccb4998278a0c5598343ea0905c", "fields": {"token_key": "efee922d", "salt": "1076dcc9b35c3f38", "user": 5, "created": "2020-04-19T14:18:02.606Z", "expiry": null}}, {"model": "knox.authtoken", "pk": "4760d677f01d92013b9fece26cbd2f8beb191d26cd9d81aa6354af4157ce2f588ec98551eafc49c0c702aebdad37a34002b2488aec08091712ef16036ddee327", "fields": {"token_key": "8a4df49f", "salt": "63f72cf4bfb69fb6", "user": 1, "created": "2020-04-14T09:24:38.359Z", "expiry": null}}, {"model": "knox.authtoken", "pk": "51efbd9ae4eb5c9ca2c9155dda95b3a3771e38b61065a20bb85126df684734ebbb42f111898b05e22b6a3e8ddf04d240acc791259579f4627931c6ec5a1419b4", "fields": {"token_key": "3e8b0f94", "salt": "12b2770a0caf6833", "user": 2, "created": "2020-03-26T15:56:04.686Z", "expiry": null}}, {"model": "knox.authtoken", "pk": "53c5998a8e809682226ce94249eba5cd260f497b91d275485986d285b860959155cc1d4724e7561a5dbc22afec5af44826137e3a59d2c48435d3c1ebf634afdd", "fields": {"token_key": "b7fd405b", "salt": "bfac6f51a099be28", "user": 5, "created": "2020-05-02T12:37:25.729Z", "expiry": null}}, {"model": "knox.authtoken", "pk": "66e0d32953a26fd8efcccbc52809f55c81aec686e0925594c39bcafee69d72743263fbeceefa9b04371a0ebf22169420ff2f903511fce720defc7ec89291d7e0", "fields": {"token_key": "78406cbb", "salt": "1e597fb6f4360144", "user": 5, "created": "2020-04-11T14:31:35.770Z", "expiry": null}}, {"model": "knox.authtoken", "pk": "6fda594c287ad2f4611c3a830e3b007fc73a52075fc54cd800fb469c70303e9490fad615a577ddb7c5b083b570de21dc28e69d6c7de44105cc946b8fe935f2ac", "fields": {"token_key": "9084d2b3", "salt": "6c691df579e7f69f", "user": 9, "created": "2020-03-28T09:44:26.267Z", "expiry": null}}, {"model": "knox.authtoken", "pk": "7ad86ae2670e79869509991077df07ff440cbd6bcf00a73d0ccad1cb919c9687ecb6357c54acd059f5a02a55fc0811dd81557e99eb57f8bd98571757e852fde0", "fields": {"token_key": "a5af3f48", "salt": "f73524d422a23c63", "user": 3, "created": "2020-03-27T14:41:48.692Z", "expiry": null}}, {"model": "knox.authtoken", "pk": "7f85453411284334806a48d94d21344026e40c01fad98ea1f33a5ccd4e32db50fb0744829d9bdd3c6736615ef944550c7f1ae89d3016cecdf583f43953bee3a8", "fields": {"token_key": "4f6033c2", "salt": "0be726cedca8c0a2", "user": 11, "created": "2020-04-01T13:11:45.103Z", "expiry": null}}, {"model": "knox.authtoken", "pk": "82004ae4266e57a309b75ae5896390fd24a65bd82f4eaaa96d6a929ef11425cd7d46f6139c059f09b5d19b053fb8b3d3bd7b0a622d9e3d5cafc3e94a931ee1cf", "fields": {"token_key": "91861e32", "salt": "e3ab35b463a86dbf", "user": 1, "created": "2020-04-15T12:49:04.784Z", "expiry": null}}, {"model": "knox.authtoken", "pk": "8bca91afa5e67228de13bb52bbb5dda09f2a592ac869124df1c75dbc6b3e0a6ea6d12a5b44981763e61c0a81001191d49ab2264dbab9d69b57ee4457290a44c7", "fields": {"token_key": "69ae7a4d", "salt": "6b43e97b00d2c3ac", "user": 5, "created": "2020-05-17T16:14:54.292Z", "expiry": null}}, {"model": "knox.authtoken", "pk": "9eedf42ec3ebae023d01962731f0af71f2032ebc18865a45f6ed5360a9f437b7bf9ba4f180a8605da888b8f466614aa5ceebdbf291cae99106116aa91954f33a", "fields": {"token_key": "d7c6f689", "salt": "73fc4a9713915110", "user": 5, "created": "2020-05-07T13:40:56.557Z", "expiry": null}}, {"model": "knox.authtoken", "pk": "bd785a880f7cd42a4814594141e4c22d968a5286404a20c514e276976bb73688cf20b538f112fd65597326898e60a263a9b369d10a03e394515f6b98cc88311d", "fields": {"token_key": "0dfd7ee5", "salt": "908f6bcfb9e91f7d", "user": 1, "created": "2020-03-26T15:55:48.018Z", "expiry": null}}, {"model": "knox.authtoken", "pk": "bec556ad46413beabb32610aa840ea4e568f0672ab6b8e7a0ee1bec71f1012d49787d3d1873dcd7360b4d7cec2367a3d6f0300c316ecfc751d84cbe18fd3bf23", "fields": {"token_key": "2c2da02f", "salt": "fb71b170c62b8fce", "user": 1, "created": "2020-04-12T09:57:01.561Z", "expiry": null}}, {"model": "knox.authtoken", "pk": "cfcc2430025b6a1c92ad0895999dd32c1d8fb52d732cc9593905aa50b82c0f6645e54c5bb5f60e14086958f78c75b6d14f0f58163aef68e51d1fe45f75f03c9c", "fields": {"token_key": "4162c745", "salt": "9271998aa14174d2", "user": 1, "created": "2020-03-28T09:43:54.982Z", "expiry": null}}, {"model": "knox.authtoken", "pk": "de803e037a749bc7a58055b6b95a1cee049594895d9b5a252856cb1d29547ef9a9b758451b62b7b615bac68f796fb8add36021d8b8636a54140c5de0332b2547", "fields": {"token_key": "0e6e6040", "salt": "c15e4f829a6f78f4", "user": 6, "created": "2020-03-28T09:44:04.839Z", "expiry": null}}, {"model": "knox.authtoken", "pk": "efb639f752eff1500105d010a9a51aa3837e9d66dcd2c8048c474804cc059bc6687802af06cd6b07ed69c9312acc4b215a890e36dace8b8a6e1a2c01d2c0e684", "fields": {"token_key": "654259b7", "salt": "2243038b3c69b3cc", "user": 7, "created": "2020-03-28T09:44:14.052Z", "expiry": null}}, {"model": "knox.authtoken", "pk": "eff8624116d0e905f8abff4889c12c8f0eafb0d8123eb8dde70748da02bb8a9321c8959603b986fa380d4a98cda40cdc09aa7f41a85c3f7995e28f11aeeb84e0", "fields": {"token_key": "2f10bb10", "salt": "cf8b9fd0e4990541", "user": 1, "created": "2020-04-11T06:08:44.631Z", "expiry": null}}, {"model": "knox.authtoken", "pk": "efff1bbf98f6a45954a3aa749611243d7201576cb73c1f92cc62ea9d2430a2bd2ee311f7950ad050d5dde39922ad6a45622e393d4d7b9fb661abc98e31a4e164", "fields": {"token_key": "a5ef8380", "salt": "6b28c5eb3174250b", "user": 5, "created": "2020-03-27T15:43:44.536Z", "expiry": null}}, {"model": "admin.logentry", "pk": 1, "fields": {"action_time": "2020-03-27T15:43:29.014Z", "user": 1, "content_type": 9, "object_id": "5", "object_repr": "a@gmail.com", "action_flag": 2, "change_message": "[{\"changed\": {\"fields\": [\"Avatar\"]}}]"}}, {"model": "admin.logentry", "pk": 2, "fields": {"action_time": "2020-03-28T09:39:24.669Z", "user": 1, "content_type": 14, "object_id": "1", "object_repr": "Software Development", "action_flag": 1, "change_message": "[{\"added\": {}}]"}}, {"model": "admin.logentry", "pk": 3, "fields": {"action_time": "2020-03-28T09:39:28.379Z", "user": 1, "content_type": 15, "object_id": "1", "object_repr": "Master Python", "action_flag": 1, "change_message": "[{\"added\": {}}]"}}, {"model": "admin.logentry", "pk": 4, "fields": {"action_time": "2020-03-28T09:44:55.600Z", "user": 1, "content_type": 13, "object_id": "1", "object_repr": "Basic Python", "action_flag": 1, "change_message": "[{\"added\": {}}]"}}, {"model": "admin.logentry", "pk": 5, "fields": {"action_time": "2020-03-28T09:45:41.815Z", "user": 1, "content_type": 13, "object_id": "2", "object_repr": "Intermediate Python", "action_flag": 1, "change_message": "[{\"added\": {}}]"}}, {"model": "admin.logentry", "pk": 6, "fields": {"action_time": "2020-03-28T09:46:02.947Z", "user": 1, "content_type": 13, "object_id": "3", "object_repr": "Advanced Python", "action_flag": 1, "change_message": "[{\"added\": {}}]"}}, {"model": "admin.logentry", "pk": 7, "fields": {"action_time": "2020-03-28T09:46:28.869Z", "user": 1, "content_type": 13, "object_id": "4", "object_repr": "Machine Learning", "action_flag": 1, "change_message": "[{\"added\": {}}]"}}, {"model": "admin.logentry", "pk": 8, "fields": {"action_time": "2020-03-28T16:06:53.538Z", "user": 1, "content_type": 13, "object_id": "1", "object_repr": "Basic Python", "action_flag": 2, "change_message": "[{\"changed\": {\"fields\": [\"Icon\"]}}]"}}, {"model": "admin.logentry", "pk": 9, "fields": {"action_time": "2020-03-28T16:07:06.722Z", "user": 1, "content_type": 13, "object_id": "2", "object_repr": "Intermediate Python", "action_flag": 2, "change_message": "[{\"changed\": {\"fields\": [\"Icon\"]}}]"}}, {"model": "admin.logentry", "pk": 10, "fields": {"action_time": "2020-03-28T16:07:17.535Z", "user": 1, "content_type": 13, "object_id": "3", "object_repr": "Advanced Python", "action_flag": 2, "change_message": "[{\"changed\": {\"fields\": [\"Icon\"]}}]"}}, {"model": "admin.logentry", "pk": 11, "fields": {"action_time": "2020-03-28T16:07:25.875Z", "user": 1, "content_type": 13, "object_id": "4", "object_repr": "Machine Learning", "action_flag": 2, "change_message": "[{\"changed\": {\"fields\": [\"Icon\"]}}]"}}, {"model": "admin.logentry", "pk": 12, "fields": {"action_time": "2020-03-28T16:08:27.373Z", "user": 1, "content_type": 15, "object_id": "1", "object_repr": "Master Python", "action_flag": 2, "change_message": "[{\"changed\": {\"fields\": [\"Icon\"]}}]"}}, {"model": "admin.logentry", "pk": 13, "fields": {"action_time": "2020-03-29T01:25:54.430Z", "user": 1, "content_type": 15, "object_id": "2", "object_repr": "Python For Data Analyst", "action_flag": 1, "change_message": "[{\"added\": {}}]"}}, {"model": "admin.logentry", "pk": 14, "fields": {"action_time": "2020-03-29T01:38:25.456Z", "user": 1, "content_type": 15, "object_id": "3", "object_repr": "Python Zero To Hero", "action_flag": 1, "change_message": "[{\"added\": {}}]"}}, {"model": "admin.logentry", "pk": 15, "fields": {"action_time": "2020-03-29T01:39:01.455Z", "user": 1, "content_type": 15, "object_id": "3", "object_repr": "Python Zero To Hero", "action_flag": 2, "change_message": "[{\"changed\": {\"fields\": [\"Icon\"]}}]"}}, {"model": "admin.logentry", "pk": 16, "fields": {"action_time": "2020-03-29T08:29:21.515Z", "user": 1, "content_type": 9, "object_id": "6", "object_repr": "teacher1@gmail.com", "action_flag": 2, "change_message": "[{\"changed\": {\"fields\": [\"First name\", \"Last name\", \"Avatar\", \"Phone number\", \"Birth date\", \"Gender\"]}}]"}}, {"model": "admin.logentry", "pk": 17, "fields": {"action_time": "2020-03-29T08:29:46.615Z", "user": 1, "content_type": 9, "object_id": "7", "object_repr": "teacher2@gmail.com", "action_flag": 2, "change_message": "[{\"changed\": {\"fields\": [\"First name\", \"Last name\", \"Avatar\", \"Phone number\", \"Birth date\", \"Gender\"]}}]"}}, {"model": "admin.logentry", "pk": 18, "fields": {"action_time": "2020-03-29T08:30:10.456Z", "user": 1, "content_type": 9, "object_id": "8", "object_repr": "teacher3@gmail.com", "action_flag": 2, "change_message": "[{\"changed\": {\"fields\": [\"First name\", \"Avatar\"]}}]"}}, {"model": "admin.logentry", "pk": 19, "fields": {"action_time": "2020-03-29T08:30:43.033Z", "user": 1, "content_type": 9, "object_id": "9", "object_repr": "teacher4@gmail.com", "action_flag": 2, "change_message": "[{\"changed\": {\"fields\": [\"First name\", \"Last name\", \"Avatar\"]}}]"}}, {"model": "admin.logentry", "pk": 20, "fields": {"action_time": "2020-03-29T08:31:02.370Z", "user": 1, "content_type": 9, "object_id": "10", "object_repr": "teacher5@gmail.com", "action_flag": 2, "change_message": "[{\"changed\": {\"fields\": [\"First name\", \"Last name\", \"Avatar\"]}}]"}}, {"model": "admin.logentry", "pk": 21, "fields": {"action_time": "2020-03-29T13:12:49.877Z", "user": 1, "content_type": 23, "object_id": "4", "object_repr": "", "action_flag": 3, "change_message": ""}}, {"model": "admin.logentry", "pk": 22, "fields": {"action_time": "2020-03-29T13:15:19.279Z", "user": 1, "content_type": 14, "object_id": "1", "object_repr": "Software Development", "action_flag": 2, "change_message": "[]"}}, {"model": "admin.logentry", "pk": 23, "fields": {"action_time": "2020-03-29T13:15:59.733Z", "user": 1, "content_type": 14, "object_id": "2", "object_repr": "Web Development", "action_flag": 1, "change_message": "[{\"added\": {}}]"}}, {"model": "admin.logentry", "pk": 24, "fields": {"action_time": "2020-03-29T13:17:15.761Z", "user": 1, "content_type": 14, "object_id": "3", "object_repr": "Database Administartor", "action_flag": 1, "change_message": "[{\"added\": {}}]"}}, {"model": "admin.logentry", "pk": 25, "fields": {"action_time": "2020-03-29T13:17:27.157Z", "user": 1, "content_type": 14, "object_id": "4", "object_repr": "Data Science", "action_flag": 1, "change_message": "[{\"added\": {}}]"}}, {"model": "admin.logentry", "pk": 26, "fields": {"action_time": "2020-03-29T13:17:51.051Z", "user": 1, "content_type": 14, "object_id": "5", "object_repr": "Game Development", "action_flag": 1, "change_message": "[{\"added\": {}}]"}}, {"model": "admin.logentry", "pk": 27, "fields": {"action_time": "2020-03-29T13:39:33.273Z", "user": 1, "content_type": 24, "object_id": "1", "object_repr": "python", "action_flag": 1, "change_message": "[{\"added\": {}}]"}}, {"model": "admin.logentry", "pk": 28, "fields": {"action_time": "2020-03-29T13:39:41.875Z", "user": 1, "content_type": 24, "object_id": "1", "object_repr": "python", "action_flag": 2, "change_message": "[]"}}, {"model": "admin.logentry", "pk": 29, "fields": {"action_time": "2020-03-29T13:40:40.997Z", "user": 1, "content_type": 24, "object_id": "2", "object_repr": "Python", "action_flag": 1, "change_message": "[{\"added\": {}}]"}}, {"model": "admin.logentry", "pk": 30, "fields": {"action_time": "2020-03-29T13:42:00.829Z", "user": 1, "content_type": 24, "object_id": "2", "object_repr": "Python", "action_flag": 3, "change_message": ""}}, {"model": "admin.logentry", "pk": 31, "fields": {"action_time": "2020-03-29T13:42:00.951Z", "user": 1, "content_type": 24, "object_id": "1", "object_repr": "python", "action_flag": 3, "change_message": ""}}, {"model": "admin.logentry", "pk": 32, "fields": {"action_time": "2020-03-29T13:42:17.351Z", "user": 1, "content_type": 24, "object_id": "2", "object_repr": "Python", "action_flag": 3, "change_message": ""}}, {"model": "admin.logentry", "pk": 33, "fields": {"action_time": "2020-03-29T13:42:17.535Z", "user": 1, "content_type": 24, "object_id": "1", "object_repr": "python", "action_flag": 3, "change_message": ""}}, {"model": "admin.logentry", "pk": 34, "fields": {"action_time": "2020-03-29T13:42:33.359Z", "user": 1, "content_type": 24, "object_id": "2", "object_repr": "Python", "action_flag": 3, "change_message": ""}}, {"model": "admin.logentry", "pk": 35, "fields": {"action_time": "2020-03-29T13:42:33.524Z", "user": 1, "content_type": 24, "object_id": "1", "object_repr": "python", "action_flag": 3, "change_message": ""}}, {"model": "admin.logentry", "pk": 36, "fields": {"action_time": "2020-03-29T13:59:04.651Z", "user": 1, "content_type": 24, "object_id": "3", "object_repr": "Python", "action_flag": 1, "change_message": "[{\"added\": {}}]"}}, {"model": "admin.logentry", "pk": 37, "fields": {"action_time": "2020-03-29T13:59:12.190Z", "user": 1, "content_type": 24, "object_id": "4", "object_repr": "python", "action_flag": 1, "change_message": "[{\"added\": {}}]"}}, {"model": "admin.logentry", "pk": 38, "fields": {"action_time": "2020-03-29T13:59:24.634Z", "user": 1, "content_type": 24, "object_id": "5", "object_repr": "programming", "action_flag": 1, "change_message": "[{\"added\": {}}]"}}, {"model": "admin.logentry", "pk": 39, "fields": {"action_time": "2020-03-29T13:59:44.844Z", "user": 1, "content_type": 24, "object_id": "6", "object_repr": "programming language", "action_flag": 1, "change_message": "[{\"added\": {}}]"}}, {"model": "admin.logentry", "pk": 40, "fields": {"action_time": "2020-03-29T13:59:56.259Z", "user": 1, "content_type": 24, "object_id": "7", "object_repr": "data", "action_flag": 1, "change_message": "[{\"added\": {}}]"}}, {"model": "admin.logentry", "pk": 41, "fields": {"action_time": "2020-03-29T14:00:05.743Z", "user": 1, "content_type": 24, "object_id": "8", "object_repr": "javascript", "action_flag": 1, "change_message": "[{\"added\": {}}]"}}, {"model": "admin.logentry", "pk": 42, "fields": {"action_time": "2020-03-29T14:00:16.528Z", "user": 1, "content_type": 24, "object_id": "9", "object_repr": "frontend", "action_flag": 1, "change_message": "[{\"added\": {}}]"}}, {"model": "admin.logentry", "pk": 43, "fields": {"action_time": "2020-03-29T14:00:24.807Z", "user": 1, "content_type": 24, "object_id": "10", "object_repr": "backend", "action_flag": 1, "change_message": "[{\"added\": {}}]"}}, {"model": "admin.logentry", "pk": 44, "fields": {"action_time": "2020-03-29T14:00:42.361Z", "user": 1, "content_type": 24, "object_id": "11", "object_repr": "java", "action_flag": 1, "change_message": "[{\"added\": {}}]"}}, {"model": "admin.logentry", "pk": 45, "fields": {"action_time": "2020-03-29T14:00:51.504Z", "user": 1, "content_type": 24, "object_id": "12", "object_repr": "php", "action_flag": 1, "change_message": "[{\"added\": {}}]"}}, {"model": "admin.logentry", "pk": 46, "fields": {"action_time": "2020-03-29T14:00:58.376Z", "user": 1, "content_type": 24, "object_id": "13", "object_repr": "css", "action_flag": 1, "change_message": "[{\"added\": {}}]"}}, {"model": "admin.logentry", "pk": 47, "fields": {"action_time": "2020-03-29T14:01:04.980Z", "user": 1, "content_type": 24, "object_id": "14", "object_repr": "html", "action_flag": 1, "change_message": "[{\"added\": {}}]"}}, {"model": "admin.logentry", "pk": 48, "fields": {"action_time": "2020-03-29T14:01:21.833Z", "user": 1, "content_type": 24, "object_id": "15", "object_repr": "react", "action_flag": 1, "change_message": "[{\"added\": {}}]"}}, {"model": "admin.logentry", "pk": 49, "fields": {"action_time": "2020-03-29T14:01:28.857Z", "user": 1, "content_type": 24, "object_id": "16", "object_repr": "reactjs", "action_flag": 1, "change_message": "[{\"added\": {}}]"}}, {"model": "admin.logentry", "pk": 50, "fields": {"action_time": "2020-03-29T14:01:35.098Z", "user": 1, "content_type": 24, "object_id": "17", "object_repr": "react native", "action_flag": 1, "change_message": "[{\"added\": {}}]"}}, {"model": "admin.logentry", "pk": 51, "fields": {"action_time": "2020-03-29T14:01:42.799Z", "user": 1, "content_type": 24, "object_id": "18", "object_repr": "angular", "action_flag": 1, "change_message": "[{\"added\": {}}]"}}, {"model": "admin.logentry", "pk": 52, "fields": {"action_time": "2020-03-29T14:01:48.698Z", "user": 1, "content_type": 24, "object_id": "19", "object_repr": "vue", "action_flag": 1, "change_message": "[{\"added\": {}}]"}}, {"model": "admin.logentry", "pk": 53, "fields": {"action_time": "2020-03-29T14:07:12.786Z", "user": 1, "content_type": 13, "object_id": "1", "object_repr": "Basic Python", "action_flag": 2, "change_message": "[{\"changed\": {\"fields\": [\"Tags\"]}}]"}}, {"model": "admin.logentry", "pk": 54, "fields": {"action_time": "2020-03-29T14:07:28.902Z", "user": 1, "content_type": 13, "object_id": "2", "object_repr": "Intermediate Python", "action_flag": 2, "change_message": "[{\"changed\": {\"fields\": [\"Tags\"]}}]"}}, {"model": "admin.logentry", "pk": 55, "fields": {"action_time": "2020-03-29T14:07:40.177Z", "user": 1, "content_type": 13, "object_id": "3", "object_repr": "Advanced Python", "action_flag": 2, "change_message": "[{\"changed\": {\"fields\": [\"Tags\"]}}]"}}, {"model": "admin.logentry", "pk": 56, "fields": {"action_time": "2020-03-29T14:07:52.488Z", "user": 1, "content_type": 13, "object_id": "4", "object_repr": "Machine Learning", "action_flag": 2, "change_message": "[{\"changed\": {\"fields\": [\"Tags\"]}}]"}}, {"model": "admin.logentry", "pk": 57, "fields": {"action_time": "2020-03-29T14:08:04.275Z", "user": 1, "content_type": 24, "object_id": "3", "object_repr": "Python", "action_flag": 3, "change_message": ""}}, {"model": "admin.logentry", "pk": 58, "fields": {"action_time": "2020-04-01T16:02:33.013Z", "user": 1, "content_type": 14, "object_id": "5", "object_repr": "Game Development", "action_flag": 2, "change_message": "[{\"changed\": {\"fields\": [\"Slug\"]}}]"}}, {"model": "admin.logentry", "pk": 59, "fields": {"action_time": "2020-04-01T16:02:46.056Z", "user": 1, "content_type": 14, "object_id": "4", "object_repr": "Data Science", "action_flag": 2, "change_message": "[{\"changed\": {\"fields\": [\"Slug\"]}}]"}}, {"model": "admin.logentry", "pk": 60, "fields": {"action_time": "2020-04-01T16:02:57.087Z", "user": 1, "content_type": 14, "object_id": "3", "object_repr": "Database Administartor", "action_flag": 2, "change_message": "[{\"changed\": {\"fields\": [\"Slug\"]}}]"}}, {"model": "admin.logentry", "pk": 61, "fields": {"action_time": "2020-04-01T16:03:04.860Z", "user": 1, "content_type": 14, "object_id": "2", "object_repr": "Web Development", "action_flag": 2, "change_message": "[{\"changed\": {\"fields\": [\"Slug\"]}}]"}}, {"model": "admin.logentry", "pk": 62, "fields": {"action_time": "2020-04-01T16:03:13.773Z", "user": 1, "content_type": 14, "object_id": "1", "object_repr": "Software Development", "action_flag": 2, "change_message": "[{\"changed\": {\"fields\": [\"Slug\"]}}]"}}, {"model": "admin.logentry", "pk": 63, "fields": {"action_time": "2020-04-01T16:05:17.626Z", "user": 1, "content_type": 14, "object_id": "5", "object_repr": "Game Development", "action_flag": 2, "change_message": "[{\"changed\": {\"fields\": [\"Slug\"]}}]"}}, {"model": "admin.logentry", "pk": 64, "fields": {"action_time": "2020-04-01T16:05:40.692Z", "user": 1, "content_type": 14, "object_id": "5", "object_repr": "Game Development", "action_flag": 3, "change_message": ""}}, {"model": "admin.logentry", "pk": 65, "fields": {"action_time": "2020-04-01T16:05:40.706Z", "user": 1, "content_type": 14, "object_id": "4", "object_repr": "Data Science", "action_flag": 3, "change_message": ""}}, {"model": "admin.logentry", "pk": 66, "fields": {"action_time": "2020-04-01T16:05:40.719Z", "user": 1, "content_type": 14, "object_id": "3", "object_repr": "Database Administartor", "action_flag": 3, "change_message": ""}}, {"model": "admin.logentry", "pk": 67, "fields": {"action_time": "2020-04-01T16:05:40.730Z", "user": 1, "content_type": 14, "object_id": "2", "object_repr": "Web Development", "action_flag": 3, "change_message": ""}}, {"model": "admin.logentry", "pk": 68, "fields": {"action_time": "2020-04-01T16:05:40.742Z", "user": 1, "content_type": 14, "object_id": "1", "object_repr": "Software Development", "action_flag": 3, "change_message": ""}}, {"model": "admin.logentry", "pk": 69, "fields": {"action_time": "2020-04-01T16:09:03.082Z", "user": 1, "content_type": 14, "object_id": "None", "object_repr": "Software Development", "action_flag": 1, "change_message": "[{\"added\": {}}]"}}, {"model": "admin.logentry", "pk": 70, "fields": {"action_time": "2020-04-01T16:11:16.337Z", "user": 1, "content_type": 14, "object_id": "1", "object_repr": "Software Development", "action_flag": 1, "change_message": "[{\"added\": {}}]"}}, {"model": "admin.logentry", "pk": 71, "fields": {"action_time": "2020-04-01T16:11:25.677Z", "user": 1, "content_type": 14, "object_id": "2", "object_repr": "Web Development", "action_flag": 1, "change_message": "[{\"added\": {}}]"}}, {"model": "admin.logentry", "pk": 72, "fields": {"action_time": "2020-04-01T16:11:39.273Z", "user": 1, "content_type": 14, "object_id": "3", "object_repr": "Game Development", "action_flag": 1, "change_message": "[{\"added\": {}}]"}}, {"model": "admin.logentry", "pk": 73, "fields": {"action_time": "2020-04-01T16:11:48.383Z", "user": 1, "content_type": 14, "object_id": "4", "object_repr": "Database Administartor", "action_flag": 1, "change_message": "[{\"added\": {}}]"}}, {"model": "admin.logentry", "pk": 74, "fields": {"action_time": "2020-04-01T16:11:56.466Z", "user": 1, "content_type": 14, "object_id": "5", "object_repr": "Data Science", "action_flag": 1, "change_message": "[{\"added\": {}}]"}}, {"model": "admin.logentry", "pk": 75, "fields": {"action_time": "2020-04-01T16:12:24.104Z", "user": 1, "content_type": 15, "object_id": "3", "object_repr": "Python Zero To Hero", "action_flag": 2, "change_message": "[{\"changed\": {\"fields\": [\"Field\", \"Tags\"]}}]"}}, {"model": "admin.logentry", "pk": 76, "fields": {"action_time": "2020-04-01T16:12:46.831Z", "user": 1, "content_type": 15, "object_id": "2", "object_repr": "Python For Data Analyst", "action_flag": 2, "change_message": "[{\"changed\": {\"fields\": [\"Field\", \"Tags\"]}}]"}}, {"model": "admin.logentry", "pk": 77, "fields": {"action_time": "2020-04-01T16:13:00.028Z", "user": 1, "content_type": 15, "object_id": "1", "object_repr": "Master Python", "action_flag": 2, "change_message": "[{\"changed\": {\"fields\": [\"Field\", \"Tags\"]}}]"}}, {"model": "admin.logentry", "pk": 78, "fields": {"action_time": "2020-04-01T16:13:19.530Z", "user": 1, "content_type": 13, "object_id": "1", "object_repr": "Basic Python", "action_flag": 2, "change_message": "[{\"changed\": {\"fields\": [\"Field\"]}}]"}}, {"model": "admin.logentry", "pk": 79, "fields": {"action_time": "2020-04-01T16:13:28.198Z", "user": 1, "content_type": 13, "object_id": "2", "object_repr": "Intermediate Python", "action_flag": 2, "change_message": "[{\"changed\": {\"fields\": [\"Field\"]}}]"}}, {"model": "admin.logentry", "pk": 80, "fields": {"action_time": "2020-04-01T16:13:34.534Z", "user": 1, "content_type": 13, "object_id": "3", "object_repr": "Advanced Python", "action_flag": 2, "change_message": "[{\"changed\": {\"fields\": [\"Field\"]}}]"}}, {"model": "admin.logentry", "pk": 81, "fields": {"action_time": "2020-04-01T16:13:42.606Z", "user": 1, "content_type": 13, "object_id": "4", "object_repr": "Machine Learning", "action_flag": 2, "change_message": "[{\"changed\": {\"fields\": [\"Field\"]}}]"}}, {"model": "admin.logentry", "pk": 82, "fields": {"action_time": "2020-04-03T06:18:22.572Z", "user": 1, "content_type": 14, "object_id": "5", "object_repr": "Data Science", "action_flag": 2, "change_message": "[{\"changed\": {\"fields\": [\"Icon\"]}}]"}}, {"model": "admin.logentry", "pk": 83, "fields": {"action_time": "2020-04-03T06:18:31.040Z", "user": 1, "content_type": 14, "object_id": "4", "object_repr": "Database Administartor", "action_flag": 2, "change_message": "[{\"changed\": {\"fields\": [\"Icon\"]}}]"}}, {"model": "admin.logentry", "pk": 84, "fields": {"action_time": "2020-04-03T06:18:38.414Z", "user": 1, "content_type": 14, "object_id": "3", "object_repr": "Game Development", "action_flag": 2, "change_message": "[{\"changed\": {\"fields\": [\"Icon\"]}}]"}}, {"model": "admin.logentry", "pk": 85, "fields": {"action_time": "2020-04-03T06:18:45.506Z", "user": 1, "content_type": 14, "object_id": "2", "object_repr": "Web Development", "action_flag": 2, "change_message": "[{\"changed\": {\"fields\": [\"Icon\"]}}]"}}, {"model": "admin.logentry", "pk": 86, "fields": {"action_time": "2020-04-03T06:18:51.463Z", "user": 1, "content_type": 14, "object_id": "1", "object_repr": "Software Development", "action_flag": 2, "change_message": "[{\"changed\": {\"fields\": [\"Icon\"]}}]"}}, {"model": "admin.logentry", "pk": 87, "fields": {"action_time": "2020-04-03T08:57:35.954Z", "user": 1, "content_type": 13, "object_id": "1", "object_repr": "Basic Python", "action_flag": 2, "change_message": "[{\"changed\": {\"fields\": [\"Slug\"]}}]"}}, {"model": "admin.logentry", "pk": 88, "fields": {"action_time": "2020-04-03T08:57:45.091Z", "user": 1, "content_type": 13, "object_id": "2", "object_repr": "Intermediate Python", "action_flag": 2, "change_message": "[]"}}, {"model": "admin.logentry", "pk": 89, "fields": {"action_time": "2020-04-03T08:57:57.614Z", "user": 1, "content_type": 13, "object_id": "3", "object_repr": "Advanced Python", "action_flag": 2, "change_message": "[]"}}, {"model": "admin.logentry", "pk": 90, "fields": {"action_time": "2020-04-03T08:58:02.086Z", "user": 1, "content_type": 13, "object_id": "4", "object_repr": "Machine Learning", "action_flag": 2, "change_message": "[]"}}, {"model": "admin.logentry", "pk": 91, "fields": {"action_time": "2020-04-03T08:58:15.274Z", "user": 1, "content_type": 15, "object_id": "3", "object_repr": "Python Zero To Hero", "action_flag": 2, "change_message": "[]"}}, {"model": "admin.logentry", "pk": 92, "fields": {"action_time": "2020-04-03T08:58:18.764Z", "user": 1, "content_type": 15, "object_id": "2", "object_repr": "Python For Data Analyst", "action_flag": 2, "change_message": "[]"}}, {"model": "admin.logentry", "pk": 93, "fields": {"action_time": "2020-04-03T08:58:22.692Z", "user": 1, "content_type": 15, "object_id": "1", "object_repr": "Master Python", "action_flag": 2, "change_message": "[]"}}, {"model": "admin.logentry", "pk": 94, "fields": {"action_time": "2020-04-04T14:52:22.529Z", "user": 1, "content_type": 25, "object_id": "1", "object_repr": "Python", "action_flag": 1, "change_message": "[{\"added\": {}}]"}}, {"model": "admin.logentry", "pk": 95, "fields": {"action_time": "2020-04-04T14:52:33.459Z", "user": 1, "content_type": 25, "object_id": "2", "object_repr": "Javascript", "action_flag": 1, "change_message": "[{\"added\": {}}]"}}, {"model": "admin.logentry", "pk": 96, "fields": {"action_time": "2020-04-04T14:52:38.966Z", "user": 1, "content_type": 25, "object_id": "3", "object_repr": "SQL", "action_flag": 1, "change_message": "[{\"added\": {}}]"}}, {"model": "admin.logentry", "pk": 97, "fields": {"action_time": "2020-04-04T14:52:47.401Z", "user": 1, "content_type": 25, "object_id": "4", "object_repr": "JSON", "action_flag": 1, "change_message": "[{\"added\": {}}]"}}, {"model": "admin.logentry", "pk": 98, "fields": {"action_time": "2020-04-04T14:52:57.472Z", "user": 1, "content_type": 25, "object_id": "5", "object_repr": "Backend", "action_flag": 1, "change_message": "[{\"added\": {}}]"}}, {"model": "admin.logentry", "pk": 99, "fields": {"action_time": "2020-04-04T14:53:06.199Z", "user": 1, "content_type": 25, "object_id": "6", "object_repr": "Frontend", "action_flag": 1, "change_message": "[{\"added\": {}}]"}}, {"model": "admin.logentry", "pk": 100, "fields": {"action_time": "2020-04-04T14:53:24.664Z", "user": 1, "content_type": 25, "object_id": "7", "object_repr": "Regular Expression", "action_flag": 1, "change_message": "[{\"added\": {}}]"}}, {"model": "admin.logentry", "pk": 101, "fields": {"action_time": "2020-04-04T14:53:43.191Z", "user": 1, "content_type": 25, "object_id": "8", "object_repr": "Problem Solving", "action_flag": 1, "change_message": "[{\"added\": {}}]"}}, {"model": "admin.logentry", "pk": 102, "fields": {"action_time": "2020-04-04T14:56:19.520Z", "user": 1, "content_type": 25, "object_id": "9", "object_repr": "Web Development", "action_flag": 1, "change_message": "[{\"added\": {}}]"}}, {"model": "admin.logentry", "pk": 103, "fields": {"action_time": "2020-04-04T14:56:25.932Z", "user": 1, "content_type": 25, "object_id": "10", "object_repr": "Html5", "action_flag": 1, "change_message": "[{\"added\": {}}]"}}, {"model": "admin.logentry", "pk": 104, "fields": {"action_time": "2020-04-04T14:56:43.838Z", "user": 1, "content_type": 25, "object_id": "11", "object_repr": "Responsive", "action_flag": 1, "change_message": "[{\"added\": {}}]"}}, {"model": "admin.logentry", "pk": 105, "fields": {"action_time": "2020-04-04T14:56:54.463Z", "user": 1, "content_type": 25, "object_id": "12", "object_repr": "NodeJS", "action_flag": 1, "change_message": "[{\"added\": {}}]"}}, {"model": "admin.logentry", "pk": 106, "fields": {"action_time": "2020-04-04T14:57:01.496Z", "user": 1, "content_type": 25, "object_id": "13", "object_repr": "Testing", "action_flag": 1, "change_message": "[{\"added\": {}}]"}}, {"model": "admin.logentry", "pk": 107, "fields": {"action_time": "2020-04-04T14:58:32.305Z", "user": 1, "content_type": 25, "object_id": "14", "object_repr": "Machine Learning", "action_flag": 1, "change_message": "[{\"added\": {}}]"}}, {"model": "admin.logentry", "pk": 108, "fields": {"action_time": "2020-04-04T14:58:51.700Z", "user": 1, "content_type": 12, "object_id": "4", "object_repr": "Machine Learning", "action_flag": 2, "change_message": "[{\"changed\": {\"fields\": [\"Skills\", \"Open date\", \"End date\"]}}]"}}, {"model": "admin.logentry", "pk": 109, "fields": {"action_time": "2020-04-04T14:59:29.576Z", "user": 1, "content_type": 12, "object_id": "4", "object_repr": "Machine Learning", "action_flag": 2, "change_message": "[{\"changed\": {\"fields\": [\"Short description\"]}}]"}}, {"model": "admin.logentry", "pk": 110, "fields": {"action_time": "2020-04-04T16:50:56.499Z", "user": 1, "content_type": 12, "object_id": "4", "object_repr": "Machine Learning", "action_flag": 2, "change_message": "[{\"changed\": {\"fields\": [\"Full description\", \"Benefits\"]}}]"}}, {"model": "admin.logentry", "pk": 111, "fields": {"action_time": "2020-04-04T16:51:24.141Z", "user": 1, "content_type": 12, "object_id": "4", "object_repr": "Machine Learning", "action_flag": 2, "change_message": "[{\"changed\": {\"fields\": [\"Skills\"]}}]"}}, {"model": "admin.logentry", "pk": 112, "fields": {"action_time": "2020-04-04T16:52:18.249Z", "user": 1, "content_type": 12, "object_id": "3", "object_repr": "Advanced Python", "action_flag": 2, "change_message": "[{\"changed\": {\"fields\": [\"Full description\", \"Benefits\", \"Skills\"]}}]"}}, {"model": "admin.logentry", "pk": 113, "fields": {"action_time": "2020-04-04T16:53:30.600Z", "user": 1, "content_type": 12, "object_id": "2", "object_repr": "Intermediate Python", "action_flag": 2, "change_message": "[{\"changed\": {\"fields\": [\"Full description\", \"Skills\", \"Open date\", \"End date\"]}}]"}}, {"model": "admin.logentry", "pk": 114, "fields": {"action_time": "2020-04-04T16:53:40.379Z", "user": 1, "content_type": 12, "object_id": "3", "object_repr": "Advanced Python", "action_flag": 2, "change_message": "[{\"changed\": {\"fields\": [\"Open date\", \"End date\"]}}]"}}, {"model": "admin.logentry", "pk": 115, "fields": {"action_time": "2020-04-04T16:54:36.054Z", "user": 1, "content_type": 25, "object_id": "15", "object_repr": "Programming Skill", "action_flag": 1, "change_message": "[{\"added\": {}}]"}}, {"model": "admin.logentry", "pk": 116, "fields": {"action_time": "2020-04-04T16:54:42.877Z", "user": 1, "content_type": 12, "object_id": "1", "object_repr": "Basic Python", "action_flag": 2, "change_message": "[{\"changed\": {\"fields\": [\"Full description\", \"Benefits\", \"Skills\", \"Open date\", \"End date\"]}}]"}}, {"model": "admin.logentry", "pk": 117, "fields": {"action_time": "2020-04-05T14:44:12.211Z", "user": 1, "content_type": 15, "object_id": "1", "object_repr": "Master Python", "action_flag": 2, "change_message": "[{\"changed\": {\"fields\": [\"Full description\", \"Benefits\", \"Pre requisites\"]}}]"}}, {"model": "admin.logentry", "pk": 118, "fields": {"action_time": "2020-04-05T14:45:35.697Z", "user": 1, "content_type": 15, "object_id": "3", "object_repr": "Python Zero To Hero", "action_flag": 2, "change_message": "[{\"changed\": {\"fields\": [\"Full description\", \"Benefits\", \"Pre requisites\"]}}]"}}, {"model": "admin.logentry", "pk": 119, "fields": {"action_time": "2020-04-05T14:46:32.808Z", "user": 1, "content_type": 15, "object_id": "2", "object_repr": "Python For Data Analyst", "action_flag": 2, "change_message": "[{\"changed\": {\"fields\": [\"Full description\", \"Benefits\", \"Pre requisites\"]}}]"}}, {"model": "admin.logentry", "pk": 120, "fields": {"action_time": "2020-04-06T06:01:18.146Z", "user": 1, "content_type": 13, "object_id": "5", "object_repr": "Python Tips & Tricks", "action_flag": 1, "change_message": "[{\"added\": {}}]"}}, {"model": "admin.logentry", "pk": 121, "fields": {"action_time": "2020-04-06T06:02:04.886Z", "user": 1, "content_type": 13, "object_id": "5", "object_repr": "Python Tips & Tricks", "action_flag": 2, "change_message": "[{\"changed\": {\"fields\": [\"Program\", \"Teacher\"]}}]"}}, {"model": "admin.logentry", "pk": 122, "fields": {"action_time": "2020-04-06T06:04:27.427Z", "user": 1, "content_type": 13, "object_id": "6", "object_repr": "Javascript the basics", "action_flag": 1, "change_message": "[{\"added\": {}}]"}}, {"model": "admin.logentry", "pk": 123, "fields": {"action_time": "2020-04-08T04:57:38.729Z", "user": 1, "content_type": 24, "object_id": "20", "object_repr": "web", "action_flag": 1, "change_message": "[{\"added\": {}}]"}}, {"model": "admin.logentry", "pk": 124, "fields": {"action_time": "2020-04-08T04:58:01.120Z", "user": 1, "content_type": 13, "object_id": "7", "object_repr": "Python-Django", "action_flag": 1, "change_message": "[{\"added\": {}}]"}}, {"model": "admin.logentry", "pk": 125, "fields": {"action_time": "2020-04-08T04:58:35.632Z", "user": 1, "content_type": 13, "object_id": "7", "object_repr": "Python-Django", "action_flag": 2, "change_message": "[{\"changed\": {\"fields\": [\"Icon\"]}}]"}}, {"model": "admin.logentry", "pk": 126, "fields": {"action_time": "2020-04-08T14:13:04.608Z", "user": 1, "content_type": 12, "object_id": "7", "object_repr": "Python-Django", "action_flag": 2, "change_message": "[{\"changed\": {\"fields\": [\"Short description\", \"Skills\"]}}]"}}, {"model": "admin.logentry", "pk": 127, "fields": {"action_time": "2020-04-09T15:56:16.645Z", "user": 1, "content_type": 27, "object_id": "1", "object_repr": "Question 1 - <p><s", "action_flag": 1, "change_message": "[{\"added\": {}}]"}}, {"model": "admin.logentry", "pk": 128, "fields": {"action_time": "2020-04-09T16:04:21.116Z", "user": 1, "content_type": 27, "object_id": "1", "object_repr": "Question 1 - Python l\u00e0 g\u00ec", "action_flag": 2, "change_message": "[{\"changed\": {\"fields\": [\"Name\"]}}]"}}, {"model": "admin.logentry", "pk": 129, "fields": {"action_time": "2020-04-10T02:16:18.816Z", "user": 1, "content_type": 27, "object_id": "2", "object_repr": "Question 1 -PEP 8 l\u00e0 g\u00ec", "action_flag": 1, "change_message": "[{\"added\": {}}]"}}, {"model": "admin.logentry", "pk": 130, "fields": {"action_time": "2020-04-10T02:16:48.668Z", "user": 1, "content_type": 27, "object_id": "2", "object_repr": "Question 2 -PEP 8 l\u00e0 g\u00ec", "action_flag": 2, "change_message": "[{\"changed\": {\"fields\": [\"Name\"]}}]"}}, {"model": "admin.logentry", "pk": 131, "fields": {"action_time": "2020-04-10T03:06:33.410Z", "user": 1, "content_type": 27, "object_id": "2", "object_repr": "Question 2 - PEP 8 l\u00e0 g\u00ec", "action_flag": 2, "change_message": "[{\"changed\": {\"fields\": [\"Name\"]}}]"}}, {"model": "admin.logentry", "pk": 132, "fields": {"action_time": "2020-04-10T03:07:29.696Z", "user": 1, "content_type": 27, "object_id": "3", "object_repr": "Question 3 - Lambda trong Python", "action_flag": 1, "change_message": "[{\"added\": {}}]"}}, {"model": "admin.logentry", "pk": 133, "fields": {"action_time": "2020-04-10T03:10:28.033Z", "user": 1, "content_type": 27, "object_id": "4", "object_repr": "Question 4 - Bi\u1ebfn trong python", "action_flag": 1, "change_message": "[{\"added\": {}}]"}}, {"model": "admin.logentry", "pk": 134, "fields": {"action_time": "2020-04-10T03:42:33.616Z", "user": 1, "content_type": 29, "object_id": "1", "object_repr": "c1-q1", "action_flag": 1, "change_message": "[{\"added\": {}}]"}}, {"model": "admin.logentry", "pk": 135, "fields": {"action_time": "2020-04-10T03:42:53.795Z", "user": 1, "content_type": 29, "object_id": "2", "object_repr": "q1-c2", "action_flag": 1, "change_message": "[{\"added\": {}}]"}}, {"model": "admin.logentry", "pk": 136, "fields": {"action_time": "2020-04-10T03:43:11.479Z", "user": 1, "content_type": 29, "object_id": "3", "object_repr": "q1-c3", "action_flag": 1, "change_message": "[{\"added\": {}}]"}}, {"model": "admin.logentry", "pk": 137, "fields": {"action_time": "2020-04-10T03:43:46.208Z", "user": 1, "content_type": 29, "object_id": "4", "object_repr": "q1-c4", "action_flag": 1, "change_message": "[{\"added\": {}}]"}}, {"model": "admin.logentry", "pk": 138, "fields": {"action_time": "2020-04-10T03:44:07.390Z", "user": 1, "content_type": 29, "object_id": "1", "object_repr": "q1-c1", "action_flag": 2, "change_message": "[{\"changed\": {\"fields\": [\"Code\"]}}]"}}, {"model": "admin.logentry", "pk": 139, "fields": {"action_time": "2020-04-10T03:44:13.454Z", "user": 1, "content_type": 29, "object_id": "2", "object_repr": "q1-c2", "action_flag": 2, "change_message": "[{\"changed\": {\"fields\": [\"Is answer\"]}}]"}}, {"model": "admin.logentry", "pk": 140, "fields": {"action_time": "2020-04-10T03:45:15.430Z", "user": 1, "content_type": 29, "object_id": "5", "object_repr": "q2-c1", "action_flag": 1, "change_message": "[{\"added\": {}}]"}}, {"model": "admin.logentry", "pk": 141, "fields": {"action_time": "2020-04-10T03:45:33.676Z", "user": 1, "content_type": 29, "object_id": "6", "object_repr": "q2-c2", "action_flag": 1, "change_message": "[{\"added\": {}}]"}}, {"model": "admin.logentry", "pk": 142, "fields": {"action_time": "2020-04-10T03:45:56.761Z", "user": 1, "content_type": 29, "object_id": "7", "object_repr": "q2-c3", "action_flag": 1, "change_message": "[{\"added\": {}}]"}}, {"model": "admin.logentry", "pk": 143, "fields": {"action_time": "2020-04-10T03:46:19.819Z", "user": 1, "content_type": 29, "object_id": "8", "object_repr": "q2-c4", "action_flag": 1, "change_message": "[{\"added\": {}}]"}}, {"model": "admin.logentry", "pk": 144, "fields": {"action_time": "2020-04-10T03:46:25.766Z", "user": 1, "content_type": 29, "object_id": "7", "object_repr": "q2-c3", "action_flag": 2, "change_message": "[{\"changed\": {\"fields\": [\"Is answer\"]}}]"}}, {"model": "admin.logentry", "pk": 145, "fields": {"action_time": "2020-04-10T03:55:34.482Z", "user": 1, "content_type": 29, "object_id": "9", "object_repr": "q3-c1", "action_flag": 1, "change_message": "[{\"added\": {}}]"}}, {"model": "admin.logentry", "pk": 146, "fields": {"action_time": "2020-04-10T03:57:37.259Z", "user": 1, "content_type": 29, "object_id": "10", "object_repr": "q3-c2", "action_flag": 1, "change_message": "[{\"added\": {}}]"}}, {"model": "admin.logentry", "pk": 147, "fields": {"action_time": "2020-04-10T03:58:15.324Z", "user": 1, "content_type": 29, "object_id": "11", "object_repr": "q3-c3", "action_flag": 1, "change_message": "[{\"added\": {}}]"}}, {"model": "admin.logentry", "pk": 148, "fields": {"action_time": "2020-04-10T03:58:46.949Z", "user": 1, "content_type": 29, "object_id": "12", "object_repr": "q3-c4", "action_flag": 1, "change_message": "[{\"added\": {}}]"}}, {"model": "admin.logentry", "pk": 149, "fields": {"action_time": "2020-04-10T04:43:09.724Z", "user": 1, "content_type": 29, "object_id": "13", "object_repr": "q4-c1", "action_flag": 1, "change_message": "[{\"added\": {}}]"}}, {"model": "admin.logentry", "pk": 150, "fields": {"action_time": "2020-04-10T04:43:39.447Z", "user": 1, "content_type": 29, "object_id": "14", "object_repr": "q4-c2", "action_flag": 1, "change_message": "[{\"added\": {}}]"}}, {"model": "admin.logentry", "pk": 151, "fields": {"action_time": "2020-04-10T04:44:02.556Z", "user": 1, "content_type": 29, "object_id": "15", "object_repr": "q4-c3", "action_flag": 1, "change_message": "[{\"added\": {}}]"}}, {"model": "admin.logentry", "pk": 152, "fields": {"action_time": "2020-04-10T04:44:43.167Z", "user": 1, "content_type": 29, "object_id": "16", "object_repr": "q4-c4", "action_flag": 1, "change_message": "[{\"added\": {}}]"}}, {"model": "admin.logentry", "pk": 153, "fields": {"action_time": "2020-04-10T04:49:25.417Z", "user": 1, "content_type": 29, "object_id": "16", "object_repr": "q4-c4", "action_flag": 2, "change_message": "[{\"changed\": {\"fields\": [\"Content\"]}}]"}}, {"model": "admin.logentry", "pk": 154, "fields": {"action_time": "2020-04-10T04:49:36.726Z", "user": 1, "content_type": 29, "object_id": "15", "object_repr": "q4-c3", "action_flag": 2, "change_message": "[{\"changed\": {\"fields\": [\"Content\"]}}]"}}, {"model": "admin.logentry", "pk": 155, "fields": {"action_time": "2020-04-10T04:49:44.414Z", "user": 1, "content_type": 29, "object_id": "14", "object_repr": "q4-c2", "action_flag": 2, "change_message": "[{\"changed\": {\"fields\": [\"Content\"]}}]"}}, {"model": "admin.logentry", "pk": 156, "fields": {"action_time": "2020-04-10T04:49:52.544Z", "user": 1, "content_type": 29, "object_id": "13", "object_repr": "q4-c1", "action_flag": 2, "change_message": "[{\"changed\": {\"fields\": [\"Content\"]}}]"}}, {"model": "admin.logentry", "pk": 157, "fields": {"action_time": "2020-04-10T04:51:21.609Z", "user": 1, "content_type": 28, "object_id": "1", "object_repr": "Python Question Kit 1", "action_flag": 1, "change_message": "[{\"added\": {}}, {\"added\": {\"name\": \"question-questionkit relationship\", \"object\": \"Question_question_kits object (1)\"}}, {\"added\": {\"name\": \"question-questionkit relationship\", \"object\": \"Question_question_kits object (2)\"}}, {\"added\": {\"name\": \"question-questionkit relationship\", \"object\": \"Question_question_kits object (3)\"}}, {\"added\": {\"name\": \"question-questionkit relationship\", \"object\": \"Question_question_kits object (4)\"}}]"}}, {"model": "admin.logentry", "pk": 158, "fields": {"action_time": "2020-04-10T05:38:00.262Z", "user": 1, "content_type": 26, "object_id": "1", "object_repr": "B\u00e0i ki\u1ec3m tra n\u0103ng l\u1ef1c 1", "action_flag": 1, "change_message": "[{\"added\": {}}]"}}, {"model": "admin.logentry", "pk": 159, "fields": {"action_time": "2020-04-10T13:28:52.592Z", "user": 1, "content_type": 26, "object_id": "1", "object_repr": "B\u00e0i ki\u1ec3m tra n\u0103ng l\u1ef1c 1", "action_flag": 2, "change_message": "[{\"added\": {\"name\": \"user ability test\", \"object\": \"UserAbilityTest object (1)\"}}]"}}, {"model": "admin.logentry", "pk": 160, "fields": {"action_time": "2020-04-10T15:18:55.221Z", "user": 1, "content_type": 27, "object_id": "5", "object_repr": "Question 5 - Max integer value", "action_flag": 1, "change_message": "[{\"added\": {}}]"}}, {"model": "admin.logentry", "pk": 161, "fields": {"action_time": "2020-04-10T15:19:40.804Z", "user": 1, "content_type": 29, "object_id": "17", "object_repr": "q5-c1", "action_flag": 1, "change_message": "[{\"added\": {}}]"}}, {"model": "admin.logentry", "pk": 162, "fields": {"action_time": "2020-04-10T15:19:58.288Z", "user": 1, "content_type": 29, "object_id": "18", "object_repr": "q5-c2", "action_flag": 1, "change_message": "[{\"added\": {}}]"}}, {"model": "admin.logentry", "pk": 163, "fields": {"action_time": "2020-04-10T15:23:48.967Z", "user": 1, "content_type": 27, "object_id": "6", "object_repr": "Question 6 - Out put of raining'. find('z') ?", "action_flag": 1, "change_message": "[{\"added\": {}}]"}}, {"model": "admin.logentry", "pk": 164, "fields": {"action_time": "2020-04-10T15:25:48.315Z", "user": 1, "content_type": 27, "object_id": "7", "object_repr": "Question 7 -  How Python is interpreted", "action_flag": 1, "change_message": "[{\"added\": {}}]"}}, {"model": "admin.logentry", "pk": 165, "fields": {"action_time": "2020-04-10T15:26:37.880Z", "user": 1, "content_type": 27, "object_id": "8", "object_repr": "Question 8 - How memory is managed in Python", "action_flag": 1, "change_message": "[{\"added\": {}}]"}}, {"model": "admin.logentry", "pk": 166, "fields": {"action_time": "2020-04-10T15:27:20.481Z", "user": 1, "content_type": 27, "object_id": "9", "object_repr": "Question 9 - What is PYTHONPATH?", "action_flag": 1, "change_message": "[{\"added\": {}}]"}}, {"model": "admin.logentry", "pk": 167, "fields": {"action_time": "2020-04-10T15:28:28.891Z", "user": 1, "content_type": 27, "object_id": "10", "object_repr": "Question 10 - What is __init__?", "action_flag": 1, "change_message": "[{\"added\": {}}]"}}, {"model": "admin.logentry", "pk": 168, "fields": {"action_time": "2020-04-10T15:29:03.154Z", "user": 1, "content_type": 27, "object_id": "10", "object_repr": "Question 10 - What is __init__?", "action_flag": 2, "change_message": "[]"}}, {"model": "admin.logentry", "pk": 169, "fields": {"action_time": "2020-04-10T15:35:51.533Z", "user": 1, "content_type": 29, "object_id": "19", "object_repr": "q6-c1", "action_flag": 1, "change_message": "[{\"added\": {}}]"}}, {"model": "admin.logentry", "pk": 170, "fields": {"action_time": "2020-04-10T15:36:03.082Z", "user": 1, "content_type": 29, "object_id": "20", "object_repr": "q6-c2", "action_flag": 1, "change_message": "[{\"added\": {}}]"}}, {"model": "admin.logentry", "pk": 171, "fields": {"action_time": "2020-04-10T15:36:18.621Z", "user": 1, "content_type": 29, "object_id": "21", "object_repr": "q6-c3", "action_flag": 1, "change_message": "[{\"added\": {}}]"}}, {"model": "admin.logentry", "pk": 172, "fields": {"action_time": "2020-04-10T15:37:03.305Z", "user": 1, "content_type": 29, "object_id": "22", "object_repr": "q7-c1", "action_flag": 1, "change_message": "[{\"added\": {}}]"}}, {"model": "admin.logentry", "pk": 173, "fields": {"action_time": "2020-04-10T15:37:55.359Z", "user": 1, "content_type": 29, "object_id": "23", "object_repr": "q7-c2", "action_flag": 1, "change_message": "[{\"added\": {}}]"}}, {"model": "admin.logentry", "pk": 174, "fields": {"action_time": "2020-04-10T15:38:41.804Z", "user": 1, "content_type": 29, "object_id": "24", "object_repr": "q8-c1", "action_flag": 1, "change_message": "[{\"added\": {}}]"}}, {"model": "admin.logentry", "pk": 175, "fields": {"action_time": "2020-04-10T15:39:14.537Z", "user": 1, "content_type": 29, "object_id": "25", "object_repr": "q8-c2", "action_flag": 1, "change_message": "[{\"added\": {}}]"}}, {"model": "admin.logentry", "pk": 176, "fields": {"action_time": "2020-04-10T15:39:29.230Z", "user": 1, "content_type": 29, "object_id": "26", "object_repr": "q8-c3", "action_flag": 1, "change_message": "[{\"added\": {}}]"}}, {"model": "admin.logentry", "pk": 177, "fields": {"action_time": "2020-04-10T15:40:23.671Z", "user": 1, "content_type": 29, "object_id": "27", "object_repr": "q9-c1", "action_flag": 1, "change_message": "[{\"added\": {}}]"}}, {"model": "admin.logentry", "pk": 178, "fields": {"action_time": "2020-04-10T15:40:58.917Z", "user": 1, "content_type": 29, "object_id": "28", "object_repr": "q9-c2", "action_flag": 1, "change_message": "[{\"added\": {}}]"}}, {"model": "admin.logentry", "pk": 179, "fields": {"action_time": "2020-04-10T15:41:11.947Z", "user": 1, "content_type": 29, "object_id": "29", "object_repr": "q9-c3", "action_flag": 1, "change_message": "[{\"added\": {}}]"}}, {"model": "admin.logentry", "pk": 180, "fields": {"action_time": "2020-04-10T15:41:52.850Z", "user": 1, "content_type": 29, "object_id": "30", "object_repr": "q10-c1", "action_flag": 1, "change_message": "[{\"added\": {}}]"}}, {"model": "admin.logentry", "pk": 181, "fields": {"action_time": "2020-04-10T15:42:06.205Z", "user": 1, "content_type": 29, "object_id": "31", "object_repr": "q10-c2", "action_flag": 1, "change_message": "[{\"added\": {}}]"}}, {"model": "admin.logentry", "pk": 182, "fields": {"action_time": "2020-04-11T03:06:44.478Z", "user": 1, "content_type": 27, "object_id": "11", "object_repr": "Question 11 -", "action_flag": 1, "change_message": "[{\"added\": {}}]"}}, {"model": "admin.logentry", "pk": 183, "fields": {"action_time": "2020-04-11T03:07:29.917Z", "user": 1, "content_type": 27, "object_id": "12", "object_repr": "Question 12 - Sky", "action_flag": 1, "change_message": "[{\"added\": {}}]"}}, {"model": "admin.logentry", "pk": 184, "fields": {"action_time": "2020-04-11T03:07:59.501Z", "user": 1, "content_type": 27, "object_id": "13", "object_repr": "Question 13 - Universal", "action_flag": 1, "change_message": "[{\"added\": {}}]"}}, {"model": "admin.logentry", "pk": 185, "fields": {"action_time": "2020-04-11T03:08:43.773Z", "user": 1, "content_type": 27, "object_id": "14", "object_repr": "Question 14 - Big bang", "action_flag": 1, "change_message": "[{\"added\": {}}]"}}, {"model": "admin.logentry", "pk": 186, "fields": {"action_time": "2020-04-11T03:09:26.204Z", "user": 1, "content_type": 29, "object_id": "32", "object_repr": "q11-c1", "action_flag": 1, "change_message": "[{\"added\": {}}]"}}, {"model": "admin.logentry", "pk": 187, "fields": {"action_time": "2020-04-11T03:09:39.527Z", "user": 1, "content_type": 29, "object_id": "33", "object_repr": "q11-c2", "action_flag": 1, "change_message": "[{\"added\": {}}]"}}, {"model": "admin.logentry", "pk": 188, "fields": {"action_time": "2020-04-11T03:10:09.759Z", "user": 1, "content_type": 29, "object_id": "34", "object_repr": "q12-c1", "action_flag": 1, "change_message": "[{\"added\": {}}]"}}, {"model": "admin.logentry", "pk": 189, "fields": {"action_time": "2020-04-11T03:10:21.843Z", "user": 1, "content_type": 29, "object_id": "35", "object_repr": "q12-c2", "action_flag": 1, "change_message": "[{\"added\": {}}]"}}, {"model": "admin.logentry", "pk": 190, "fields": {"action_time": "2020-04-11T03:10:38.834Z", "user": 1, "content_type": 29, "object_id": "36", "object_repr": "q12-c3", "action_flag": 1, "change_message": "[{\"added\": {}}]"}}, {"model": "admin.logentry", "pk": 191, "fields": {"action_time": "2020-04-11T03:10:50.496Z", "user": 1, "content_type": 29, "object_id": "37", "object_repr": "q12-c4", "action_flag": 1, "change_message": "[{\"added\": {}}]"}}, {"model": "admin.logentry", "pk": 192, "fields": {"action_time": "2020-04-11T03:11:10.594Z", "user": 1, "content_type": 29, "object_id": "38", "object_repr": "q13-c1", "action_flag": 1, "change_message": "[{\"added\": {}}]"}}, {"model": "admin.logentry", "pk": 193, "fields": {"action_time": "2020-04-11T03:11:23.604Z", "user": 1, "content_type": 29, "object_id": "39", "object_repr": "q13-c2", "action_flag": 1, "change_message": "[{\"added\": {}}]"}}, {"model": "admin.logentry", "pk": 194, "fields": {"action_time": "2020-04-11T03:11:43.011Z", "user": 1, "content_type": 29, "object_id": "40", "object_repr": "q14-c1", "action_flag": 1, "change_message": "[{\"added\": {}}]"}}, {"model": "admin.logentry", "pk": 195, "fields": {"action_time": "2020-04-11T03:11:56.680Z", "user": 1, "content_type": 29, "object_id": "41", "object_repr": "q14-c2", "action_flag": 1, "change_message": "[{\"added\": {}}]"}}, {"model": "admin.logentry", "pk": 196, "fields": {"action_time": "2020-04-11T06:56:34.717Z", "user": 1, "content_type": 30, "object_id": "2", "object_repr": "B\u00e0i ki\u1ec3m tra n\u0103ng l\u1ef1c 1 - admin@gmail.com", "action_flag": 3, "change_message": ""}}, {"model": "admin.logentry", "pk": 197, "fields": {"action_time": "2020-04-13T11:32:55.960Z", "user": 1, "content_type": 29, "object_id": "41", "object_repr": "q14-c2", "action_flag": 2, "change_message": "[{\"changed\": {\"fields\": [\"Content\"]}}]"}}, {"model": "admin.logentry", "pk": 198, "fields": {"action_time": "2020-04-13T11:38:14.110Z", "user": 1, "content_type": 29, "object_id": "40", "object_repr": "q14-c1", "action_flag": 2, "change_message": "[{\"changed\": {\"fields\": [\"Content\"]}}]"}}, {"model": "admin.logentry", "pk": 199, "fields": {"action_time": "2020-04-13T11:38:29.225Z", "user": 1, "content_type": 29, "object_id": "39", "object_repr": "q13-c2", "action_flag": 2, "change_message": "[{\"changed\": {\"fields\": [\"Content\"]}}]"}}, {"model": "admin.logentry", "pk": 200, "fields": {"action_time": "2020-04-13T11:38:46.856Z", "user": 1, "content_type": 29, "object_id": "38", "object_repr": "q13-c1", "action_flag": 2, "change_message": "[{\"changed\": {\"fields\": [\"Content\"]}}]"}}, {"model": "admin.logentry", "pk": 201, "fields": {"action_time": "2020-04-13T11:39:02.572Z", "user": 1, "content_type": 29, "object_id": "37", "object_repr": "q12-c4", "action_flag": 2, "change_message": "[{\"changed\": {\"fields\": [\"Content\"]}}]"}}, {"model": "admin.logentry", "pk": 202, "fields": {"action_time": "2020-04-13T11:39:14.046Z", "user": 1, "content_type": 29, "object_id": "36", "object_repr": "q12-c3", "action_flag": 2, "change_message": "[{\"changed\": {\"fields\": [\"Content\"]}}]"}}, {"model": "admin.logentry", "pk": 203, "fields": {"action_time": "2020-04-13T11:39:28.399Z", "user": 1, "content_type": 29, "object_id": "35", "object_repr": "q12-c2", "action_flag": 2, "change_message": "[{\"changed\": {\"fields\": [\"Content\"]}}]"}}, {"model": "admin.logentry", "pk": 204, "fields": {"action_time": "2020-04-13T11:40:00.394Z", "user": 1, "content_type": 29, "object_id": "13", "object_repr": "q4-c1", "action_flag": 2, "change_message": "[{\"changed\": {\"fields\": [\"Content\"]}}]"}}, {"model": "admin.logentry", "pk": 205, "fields": {"action_time": "2020-04-13T11:40:21.155Z", "user": 1, "content_type": 29, "object_id": "16", "object_repr": "q4-c4", "action_flag": 2, "change_message": "[{\"changed\": {\"fields\": [\"Content\"]}}]"}}, {"model": "admin.logentry", "pk": 206, "fields": {"action_time": "2020-04-13T11:40:36.370Z", "user": 1, "content_type": 29, "object_id": "15", "object_repr": "q4-c3", "action_flag": 2, "change_message": "[{\"changed\": {\"fields\": [\"Content\"]}}]"}}, {"model": "admin.logentry", "pk": 207, "fields": {"action_time": "2020-04-13T11:40:55.335Z", "user": 1, "content_type": 29, "object_id": "14", "object_repr": "q4-c2", "action_flag": 2, "change_message": "[{\"changed\": {\"fields\": [\"Content\"]}}]"}}, {"model": "admin.logentry", "pk": 208, "fields": {"action_time": "2020-04-13T11:42:30.966Z", "user": 1, "content_type": 29, "object_id": "17", "object_repr": "q5-c1", "action_flag": 2, "change_message": "[{\"changed\": {\"fields\": [\"Content\"]}}]"}}, {"model": "admin.logentry", "pk": 209, "fields": {"action_time": "2020-04-13T11:42:41.422Z", "user": 1, "content_type": 29, "object_id": "18", "object_repr": "q5-c2", "action_flag": 2, "change_message": "[{\"changed\": {\"fields\": [\"Content\"]}}]"}}, {"model": "admin.logentry", "pk": 210, "fields": {"action_time": "2020-04-13T11:42:52.573Z", "user": 1, "content_type": 29, "object_id": "19", "object_repr": "q6-c1", "action_flag": 2, "change_message": "[{\"changed\": {\"fields\": [\"Content\"]}}]"}}, {"model": "admin.logentry", "pk": 211, "fields": {"action_time": "2020-04-13T11:43:07.235Z", "user": 1, "content_type": 29, "object_id": "34", "object_repr": "q12-c1", "action_flag": 2, "change_message": "[{\"changed\": {\"fields\": [\"Content\"]}}]"}}, {"model": "admin.logentry", "pk": 212, "fields": {"action_time": "2020-04-13T11:43:17.997Z", "user": 1, "content_type": 29, "object_id": "33", "object_repr": "q11-c2", "action_flag": 2, "change_message": "[{\"changed\": {\"fields\": [\"Content\"]}}]"}}, {"model": "admin.logentry", "pk": 213, "fields": {"action_time": "2020-04-13T11:43:30.951Z", "user": 1, "content_type": 29, "object_id": "32", "object_repr": "q11-c1", "action_flag": 2, "change_message": "[{\"changed\": {\"fields\": [\"Content\"]}}]"}}, {"model": "admin.logentry", "pk": 214, "fields": {"action_time": "2020-04-13T11:43:45.097Z", "user": 1, "content_type": 29, "object_id": "31", "object_repr": "q10-c2", "action_flag": 2, "change_message": "[{\"changed\": {\"fields\": [\"Content\"]}}]"}}, {"model": "admin.logentry", "pk": 215, "fields": {"action_time": "2020-04-13T11:43:54.358Z", "user": 1, "content_type": 29, "object_id": "30", "object_repr": "q10-c1", "action_flag": 2, "change_message": "[{\"changed\": {\"fields\": [\"Content\"]}}]"}}, {"model": "admin.logentry", "pk": 216, "fields": {"action_time": "2020-04-13T11:44:03.639Z", "user": 1, "content_type": 29, "object_id": "29", "object_repr": "q9-c3", "action_flag": 2, "change_message": "[{\"changed\": {\"fields\": [\"Content\"]}}]"}}, {"model": "admin.logentry", "pk": 217, "fields": {"action_time": "2020-04-13T11:44:14.618Z", "user": 1, "content_type": 29, "object_id": "28", "object_repr": "q9-c2", "action_flag": 2, "change_message": "[{\"changed\": {\"fields\": [\"Content\"]}}]"}}, {"model": "admin.logentry", "pk": 218, "fields": {"action_time": "2020-04-13T11:44:25.848Z", "user": 1, "content_type": 29, "object_id": "27", "object_repr": "q9-c1", "action_flag": 2, "change_message": "[{\"changed\": {\"fields\": [\"Content\"]}}]"}}, {"model": "admin.logentry", "pk": 219, "fields": {"action_time": "2020-04-13T11:44:35.353Z", "user": 1, "content_type": 29, "object_id": "26", "object_repr": "q8-c3", "action_flag": 2, "change_message": "[{\"changed\": {\"fields\": [\"Content\"]}}]"}}, {"model": "admin.logentry", "pk": 220, "fields": {"action_time": "2020-04-13T11:44:45.222Z", "user": 1, "content_type": 29, "object_id": "25", "object_repr": "q8-c2", "action_flag": 2, "change_message": "[{\"changed\": {\"fields\": [\"Content\"]}}]"}}, {"model": "admin.logentry", "pk": 221, "fields": {"action_time": "2020-04-13T11:44:53.192Z", "user": 1, "content_type": 29, "object_id": "24", "object_repr": "q8-c1", "action_flag": 2, "change_message": "[{\"changed\": {\"fields\": [\"Content\"]}}]"}}, {"model": "admin.logentry", "pk": 222, "fields": {"action_time": "2020-04-13T11:45:05.174Z", "user": 1, "content_type": 29, "object_id": "23", "object_repr": "q7-c2", "action_flag": 2, "change_message": "[{\"changed\": {\"fields\": [\"Content\"]}}]"}}, {"model": "admin.logentry", "pk": 223, "fields": {"action_time": "2020-04-13T11:45:14.756Z", "user": 1, "content_type": 29, "object_id": "22", "object_repr": "q7-c1", "action_flag": 2, "change_message": "[{\"changed\": {\"fields\": [\"Content\"]}}]"}}, {"model": "admin.logentry", "pk": 224, "fields": {"action_time": "2020-04-13T11:45:32.575Z", "user": 1, "content_type": 29, "object_id": "21", "object_repr": "q6-c3", "action_flag": 2, "change_message": "[{\"changed\": {\"fields\": [\"Content\"]}}]"}}, {"model": "admin.logentry", "pk": 225, "fields": {"action_time": "2020-04-13T11:45:45.094Z", "user": 1, "content_type": 29, "object_id": "20", "object_repr": "q6-c2", "action_flag": 2, "change_message": "[{\"changed\": {\"fields\": [\"Content\"]}}]"}}, {"model": "admin.logentry", "pk": 226, "fields": {"action_time": "2020-04-13T13:18:56.212Z", "user": 1, "content_type": 29, "object_id": "22", "object_repr": "q7-c1", "action_flag": 2, "change_message": "[{\"changed\": {\"fields\": [\"Content\"]}}]"}}, {"model": "admin.logentry", "pk": 227, "fields": {"action_time": "2020-04-13T13:20:50.670Z", "user": 1, "content_type": 29, "object_id": "22", "object_repr": "q7-c1", "action_flag": 2, "change_message": "[{\"changed\": {\"fields\": [\"Content\"]}}]"}}, {"model": "admin.logentry", "pk": 228, "fields": {"action_time": "2020-04-13T14:18:14.020Z", "user": 1, "content_type": 29, "object_id": "31", "object_repr": "q10-c2", "action_flag": 2, "change_message": "[{\"changed\": {\"fields\": [\"Content\"]}}]"}}, {"model": "admin.logentry", "pk": 229, "fields": {"action_time": "2020-04-13T16:13:25.064Z", "user": 1, "content_type": 29, "object_id": "1", "object_repr": "q1-c1", "action_flag": 2, "change_message": "[{\"changed\": {\"fields\": [\"Content\"]}}]"}}, {"model": "admin.logentry", "pk": 230, "fields": {"action_time": "2020-04-14T08:23:48.704Z", "user": 1, "content_type": 29, "object_id": "1", "object_repr": "q1-c1", "action_flag": 2, "change_message": "[{\"changed\": {\"fields\": [\"Content\"]}}]"}}, {"model": "admin.logentry", "pk": 231, "fields": {"action_time": "2020-04-14T11:50:19.754Z", "user": 1, "content_type": 30, "object_id": "160", "object_repr": "B\u00e0i ki\u1ec3m tra n\u0103ng l\u1ef1c 1 - a@gmail.com", "action_flag": 3, "change_message": ""}}, {"model": "admin.logentry", "pk": 232, "fields": {"action_time": "2020-04-14T11:50:19.913Z", "user": 1, "content_type": 30, "object_id": "159", "object_repr": "B\u00e0i ki\u1ec3m tra n\u0103ng l\u1ef1c 1 - a@gmail.com", "action_flag": 3, "change_message": ""}}, {"model": "admin.logentry", "pk": 233, "fields": {"action_time": "2020-04-14T11:50:20.000Z", "user": 1, "content_type": 30, "object_id": "158", "object_repr": "B\u00e0i ki\u1ec3m tra n\u0103ng l\u1ef1c 1 - a@gmail.com", "action_flag": 3, "change_message": ""}}, {"model": "admin.logentry", "pk": 234, "fields": {"action_time": "2020-04-14T11:50:20.111Z", "user": 1, "content_type": 30, "object_id": "157", "object_repr": "B\u00e0i ki\u1ec3m tra n\u0103ng l\u1ef1c 1 - a@gmail.com", "action_flag": 3, "change_message": ""}}, {"model": "admin.logentry", "pk": 235, "fields": {"action_time": "2020-04-14T11:50:20.208Z", "user": 1, "content_type": 30, "object_id": "156", "object_repr": "B\u00e0i ki\u1ec3m tra n\u0103ng l\u1ef1c 1 - a@gmail.com", "action_flag": 3, "change_message": ""}}, {"model": "admin.logentry", "pk": 236, "fields": {"action_time": "2020-04-14T11:50:20.294Z", "user": 1, "content_type": 30, "object_id": "155", "object_repr": "B\u00e0i ki\u1ec3m tra n\u0103ng l\u1ef1c 1 - a@gmail.com", "action_flag": 3, "change_message": ""}}, {"model": "admin.logentry", "pk": 237, "fields": {"action_time": "2020-04-14T11:50:20.377Z", "user": 1, "content_type": 30, "object_id": "154", "object_repr": "B\u00e0i ki\u1ec3m tra n\u0103ng l\u1ef1c 1 - a@gmail.com", "action_flag": 3, "change_message": ""}}, {"model": "admin.logentry", "pk": 238, "fields": {"action_time": "2020-04-14T11:50:20.448Z", "user": 1, "content_type": 30, "object_id": "153", "object_repr": "B\u00e0i ki\u1ec3m tra n\u0103ng l\u1ef1c 1 - a@gmail.com", "action_flag": 3, "change_message": ""}}, {"model": "admin.logentry", "pk": 239, "fields": {"action_time": "2020-04-14T11:50:20.531Z", "user": 1, "content_type": 30, "object_id": "152", "object_repr": "B\u00e0i ki\u1ec3m tra n\u0103ng l\u1ef1c 1 - a@gmail.com", "action_flag": 3, "change_message": ""}}, {"model": "admin.logentry", "pk": 240, "fields": {"action_time": "2020-04-14T11:50:20.616Z", "user": 1, "content_type": 30, "object_id": "151", "object_repr": "B\u00e0i ki\u1ec3m tra n\u0103ng l\u1ef1c 1 - admin@gmail.com", "action_flag": 3, "change_message": ""}}, {"model": "admin.logentry", "pk": 241, "fields": {"action_time": "2020-04-14T11:50:20.729Z", "user": 1, "content_type": 30, "object_id": "150", "object_repr": "B\u00e0i ki\u1ec3m tra n\u0103ng l\u1ef1c 1 - a@gmail.com", "action_flag": 3, "change_message": ""}}, {"model": "admin.logentry", "pk": 242, "fields": {"action_time": "2020-04-14T11:50:20.799Z", "user": 1, "content_type": 30, "object_id": "149", "object_repr": "B\u00e0i ki\u1ec3m tra n\u0103ng l\u1ef1c 1 - a@gmail.com", "action_flag": 3, "change_message": ""}}, {"model": "admin.logentry", "pk": 243, "fields": {"action_time": "2020-04-14T11:50:20.893Z", "user": 1, "content_type": 30, "object_id": "148", "object_repr": "B\u00e0i ki\u1ec3m tra n\u0103ng l\u1ef1c 1 - a@gmail.com", "action_flag": 3, "change_message": ""}}, {"model": "admin.logentry", "pk": 244, "fields": {"action_time": "2020-04-14T11:50:20.965Z", "user": 1, "content_type": 30, "object_id": "147", "object_repr": "B\u00e0i ki\u1ec3m tra n\u0103ng l\u1ef1c 1 - a@gmail.com", "action_flag": 3, "change_message": ""}}, {"model": "admin.logentry", "pk": 245, "fields": {"action_time": "2020-04-14T11:50:21.059Z", "user": 1, "content_type": 30, "object_id": "146", "object_repr": "B\u00e0i ki\u1ec3m tra n\u0103ng l\u1ef1c 1 - a@gmail.com", "action_flag": 3, "change_message": ""}}, {"model": "admin.logentry", "pk": 246, "fields": {"action_time": "2020-04-14T11:50:21.131Z", "user": 1, "content_type": 30, "object_id": "145", "object_repr": "B\u00e0i ki\u1ec3m tra n\u0103ng l\u1ef1c 1 - a@gmail.com", "action_flag": 3, "change_message": ""}}, {"model": "admin.logentry", "pk": 247, "fields": {"action_time": "2020-04-14T11:50:21.225Z", "user": 1, "content_type": 30, "object_id": "144", "object_repr": "B\u00e0i ki\u1ec3m tra n\u0103ng l\u1ef1c 1 - a@gmail.com", "action_flag": 3, "change_message": ""}}, {"model": "admin.logentry", "pk": 248, "fields": {"action_time": "2020-04-14T11:50:21.312Z", "user": 1, "content_type": 30, "object_id": "143", "object_repr": "B\u00e0i ki\u1ec3m tra n\u0103ng l\u1ef1c 1 - a@gmail.com", "action_flag": 3, "change_message": ""}}, {"model": "admin.logentry", "pk": 249, "fields": {"action_time": "2020-04-14T11:50:21.401Z", "user": 1, "content_type": 30, "object_id": "142", "object_repr": "B\u00e0i ki\u1ec3m tra n\u0103ng l\u1ef1c 1 - a@gmail.com", "action_flag": 3, "change_message": ""}}, {"model": "admin.logentry", "pk": 250, "fields": {"action_time": "2020-04-14T11:50:21.477Z", "user": 1, "content_type": 30, "object_id": "141", "object_repr": "B\u00e0i ki\u1ec3m tra n\u0103ng l\u1ef1c 1 - a@gmail.com", "action_flag": 3, "change_message": ""}}, {"model": "admin.logentry", "pk": 251, "fields": {"action_time": "2020-04-14T11:50:21.577Z", "user": 1, "content_type": 30, "object_id": "140", "object_repr": "B\u00e0i ki\u1ec3m tra n\u0103ng l\u1ef1c 1 - a@gmail.com", "action_flag": 3, "change_message": ""}}, {"model": "admin.logentry", "pk": 252, "fields": {"action_time": "2020-04-14T11:50:21.652Z", "user": 1, "content_type": 30, "object_id": "139", "object_repr": "B\u00e0i ki\u1ec3m tra n\u0103ng l\u1ef1c 1 - a@gmail.com", "action_flag": 3, "change_message": ""}}, {"model": "admin.logentry", "pk": 253, "fields": {"action_time": "2020-04-14T11:50:21.742Z", "user": 1, "content_type": 30, "object_id": "138", "object_repr": "B\u00e0i ki\u1ec3m tra n\u0103ng l\u1ef1c 1 - a@gmail.com", "action_flag": 3, "change_message": ""}}, {"model": "admin.logentry", "pk": 254, "fields": {"action_time": "2020-04-14T11:50:21.851Z", "user": 1, "content_type": 30, "object_id": "137", "object_repr": "B\u00e0i ki\u1ec3m tra n\u0103ng l\u1ef1c 1 - a@gmail.com", "action_flag": 3, "change_message": ""}}, {"model": "admin.logentry", "pk": 255, "fields": {"action_time": "2020-04-14T11:50:21.951Z", "user": 1, "content_type": 30, "object_id": "136", "object_repr": "B\u00e0i ki\u1ec3m tra n\u0103ng l\u1ef1c 1 - a@gmail.com", "action_flag": 3, "change_message": ""}}, {"model": "admin.logentry", "pk": 256, "fields": {"action_time": "2020-04-14T11:50:22.038Z", "user": 1, "content_type": 30, "object_id": "135", "object_repr": "B\u00e0i ki\u1ec3m tra n\u0103ng l\u1ef1c 1 - a@gmail.com", "action_flag": 3, "change_message": ""}}, {"model": "admin.logentry", "pk": 257, "fields": {"action_time": "2020-04-14T11:50:22.139Z", "user": 1, "content_type": 30, "object_id": "134", "object_repr": "B\u00e0i ki\u1ec3m tra n\u0103ng l\u1ef1c 1 - a@gmail.com", "action_flag": 3, "change_message": ""}}, {"model": "admin.logentry", "pk": 258, "fields": {"action_time": "2020-04-14T11:50:22.225Z", "user": 1, "content_type": 30, "object_id": "133", "object_repr": "B\u00e0i ki\u1ec3m tra n\u0103ng l\u1ef1c 1 - a@gmail.com", "action_flag": 3, "change_message": ""}}, {"model": "admin.logentry", "pk": 259, "fields": {"action_time": "2020-04-14T11:50:22.325Z", "user": 1, "content_type": 30, "object_id": "132", "object_repr": "B\u00e0i ki\u1ec3m tra n\u0103ng l\u1ef1c 1 - a@gmail.com", "action_flag": 3, "change_message": ""}}, {"model": "admin.logentry", "pk": 260, "fields": {"action_time": "2020-04-14T11:50:22.425Z", "user": 1, "content_type": 30, "object_id": "131", "object_repr": "B\u00e0i ki\u1ec3m tra n\u0103ng l\u1ef1c 1 - a@gmail.com", "action_flag": 3, "change_message": ""}}, {"model": "admin.logentry", "pk": 261, "fields": {"action_time": "2020-04-14T11:50:22.535Z", "user": 1, "content_type": 30, "object_id": "130", "object_repr": "B\u00e0i ki\u1ec3m tra n\u0103ng l\u1ef1c 1 - a@gmail.com", "action_flag": 3, "change_message": ""}}, {"model": "admin.logentry", "pk": 262, "fields": {"action_time": "2020-04-14T11:50:22.637Z", "user": 1, "content_type": 30, "object_id": "129", "object_repr": "B\u00e0i ki\u1ec3m tra n\u0103ng l\u1ef1c 1 - a@gmail.com", "action_flag": 3, "change_message": ""}}, {"model": "admin.logentry", "pk": 263, "fields": {"action_time": "2020-04-14T11:50:22.733Z", "user": 1, "content_type": 30, "object_id": "128", "object_repr": "B\u00e0i ki\u1ec3m tra n\u0103ng l\u1ef1c 1 - a@gmail.com", "action_flag": 3, "change_message": ""}}, {"model": "admin.logentry", "pk": 264, "fields": {"action_time": "2020-04-14T11:50:22.833Z", "user": 1, "content_type": 30, "object_id": "127", "object_repr": "B\u00e0i ki\u1ec3m tra n\u0103ng l\u1ef1c 1 - a@gmail.com", "action_flag": 3, "change_message": ""}}, {"model": "admin.logentry", "pk": 265, "fields": {"action_time": "2020-04-14T11:50:22.931Z", "user": 1, "content_type": 30, "object_id": "126", "object_repr": "B\u00e0i ki\u1ec3m tra n\u0103ng l\u1ef1c 1 - a@gmail.com", "action_flag": 3, "change_message": ""}}, {"model": "admin.logentry", "pk": 266, "fields": {"action_time": "2020-04-14T11:50:23.018Z", "user": 1, "content_type": 30, "object_id": "125", "object_repr": "B\u00e0i ki\u1ec3m tra n\u0103ng l\u1ef1c 1 - a@gmail.com", "action_flag": 3, "change_message": ""}}, {"model": "admin.logentry", "pk": 267, "fields": {"action_time": "2020-04-14T11:50:23.096Z", "user": 1, "content_type": 30, "object_id": "124", "object_repr": "B\u00e0i ki\u1ec3m tra n\u0103ng l\u1ef1c 1 - a@gmail.com", "action_flag": 3, "change_message": ""}}, {"model": "admin.logentry", "pk": 268, "fields": {"action_time": "2020-04-14T11:50:23.184Z", "user": 1, "content_type": 30, "object_id": "123", "object_repr": "B\u00e0i ki\u1ec3m tra n\u0103ng l\u1ef1c 1 - a@gmail.com", "action_flag": 3, "change_message": ""}}, {"model": "admin.logentry", "pk": 269, "fields": {"action_time": "2020-04-14T11:50:23.272Z", "user": 1, "content_type": 30, "object_id": "122", "object_repr": "B\u00e0i ki\u1ec3m tra n\u0103ng l\u1ef1c 1 - a@gmail.com", "action_flag": 3, "change_message": ""}}, {"model": "admin.logentry", "pk": 270, "fields": {"action_time": "2020-04-14T11:50:23.372Z", "user": 1, "content_type": 30, "object_id": "121", "object_repr": "B\u00e0i ki\u1ec3m tra n\u0103ng l\u1ef1c 1 - a@gmail.com", "action_flag": 3, "change_message": ""}}, {"model": "admin.logentry", "pk": 271, "fields": {"action_time": "2020-04-14T11:50:23.459Z", "user": 1, "content_type": 30, "object_id": "120", "object_repr": "B\u00e0i ki\u1ec3m tra n\u0103ng l\u1ef1c 1 - a@gmail.com", "action_flag": 3, "change_message": ""}}, {"model": "admin.logentry", "pk": 272, "fields": {"action_time": "2020-04-14T11:50:23.548Z", "user": 1, "content_type": 30, "object_id": "119", "object_repr": "B\u00e0i ki\u1ec3m tra n\u0103ng l\u1ef1c 1 - a@gmail.com", "action_flag": 3, "change_message": ""}}, {"model": "admin.logentry", "pk": 273, "fields": {"action_time": "2020-04-14T11:50:23.635Z", "user": 1, "content_type": 30, "object_id": "118", "object_repr": "B\u00e0i ki\u1ec3m tra n\u0103ng l\u1ef1c 1 - a@gmail.com", "action_flag": 3, "change_message": ""}}, {"model": "admin.logentry", "pk": 274, "fields": {"action_time": "2020-04-14T11:50:23.724Z", "user": 1, "content_type": 30, "object_id": "117", "object_repr": "B\u00e0i ki\u1ec3m tra n\u0103ng l\u1ef1c 1 - a@gmail.com", "action_flag": 3, "change_message": ""}}, {"model": "admin.logentry", "pk": 275, "fields": {"action_time": "2020-04-14T11:50:23.800Z", "user": 1, "content_type": 30, "object_id": "116", "object_repr": "B\u00e0i ki\u1ec3m tra n\u0103ng l\u1ef1c 1 - a@gmail.com", "action_flag": 3, "change_message": ""}}, {"model": "admin.logentry", "pk": 276, "fields": {"action_time": "2020-04-14T11:50:23.877Z", "user": 1, "content_type": 30, "object_id": "115", "object_repr": "B\u00e0i ki\u1ec3m tra n\u0103ng l\u1ef1c 1 - a@gmail.com", "action_flag": 3, "change_message": ""}}, {"model": "admin.logentry", "pk": 277, "fields": {"action_time": "2020-04-14T11:50:24.009Z", "user": 1, "content_type": 30, "object_id": "114", "object_repr": "B\u00e0i ki\u1ec3m tra n\u0103ng l\u1ef1c 1 - a@gmail.com", "action_flag": 3, "change_message": ""}}, {"model": "admin.logentry", "pk": 278, "fields": {"action_time": "2020-04-14T11:50:24.109Z", "user": 1, "content_type": 30, "object_id": "113", "object_repr": "B\u00e0i ki\u1ec3m tra n\u0103ng l\u1ef1c 1 - a@gmail.com", "action_flag": 3, "change_message": ""}}, {"model": "admin.logentry", "pk": 279, "fields": {"action_time": "2020-04-14T11:50:24.208Z", "user": 1, "content_type": 30, "object_id": "112", "object_repr": "B\u00e0i ki\u1ec3m tra n\u0103ng l\u1ef1c 1 - a@gmail.com", "action_flag": 3, "change_message": ""}}, {"model": "admin.logentry", "pk": 280, "fields": {"action_time": "2020-04-14T11:50:24.329Z", "user": 1, "content_type": 30, "object_id": "111", "object_repr": "B\u00e0i ki\u1ec3m tra n\u0103ng l\u1ef1c 1 - admin@gmail.com", "action_flag": 3, "change_message": ""}}, {"model": "admin.logentry", "pk": 281, "fields": {"action_time": "2020-04-14T11:50:24.428Z", "user": 1, "content_type": 30, "object_id": "110", "object_repr": "B\u00e0i ki\u1ec3m tra n\u0103ng l\u1ef1c 1 - a@gmail.com", "action_flag": 3, "change_message": ""}}, {"model": "admin.logentry", "pk": 282, "fields": {"action_time": "2020-04-14T11:50:24.537Z", "user": 1, "content_type": 30, "object_id": "109", "object_repr": "B\u00e0i ki\u1ec3m tra n\u0103ng l\u1ef1c 1 - a@gmail.com", "action_flag": 3, "change_message": ""}}, {"model": "admin.logentry", "pk": 283, "fields": {"action_time": "2020-04-14T11:50:24.648Z", "user": 1, "content_type": 30, "object_id": "108", "object_repr": "B\u00e0i ki\u1ec3m tra n\u0103ng l\u1ef1c 1 - a@gmail.com", "action_flag": 3, "change_message": ""}}, {"model": "admin.logentry", "pk": 284, "fields": {"action_time": "2020-04-14T11:50:24.758Z", "user": 1, "content_type": 30, "object_id": "107", "object_repr": "B\u00e0i ki\u1ec3m tra n\u0103ng l\u1ef1c 1 - a@gmail.com", "action_flag": 3, "change_message": ""}}, {"model": "admin.logentry", "pk": 285, "fields": {"action_time": "2020-04-14T11:50:24.868Z", "user": 1, "content_type": 30, "object_id": "106", "object_repr": "B\u00e0i ki\u1ec3m tra n\u0103ng l\u1ef1c 1 - a@gmail.com", "action_flag": 3, "change_message": ""}}, {"model": "admin.logentry", "pk": 286, "fields": {"action_time": "2020-04-14T11:50:24.978Z", "user": 1, "content_type": 30, "object_id": "105", "object_repr": "B\u00e0i ki\u1ec3m tra n\u0103ng l\u1ef1c 1 - a@gmail.com", "action_flag": 3, "change_message": ""}}, {"model": "admin.logentry", "pk": 287, "fields": {"action_time": "2020-04-14T11:50:25.087Z", "user": 1, "content_type": 30, "object_id": "104", "object_repr": "B\u00e0i ki\u1ec3m tra n\u0103ng l\u1ef1c 1 - a@gmail.com", "action_flag": 3, "change_message": ""}}, {"model": "admin.logentry", "pk": 288, "fields": {"action_time": "2020-04-14T11:50:25.198Z", "user": 1, "content_type": 30, "object_id": "103", "object_repr": "B\u00e0i ki\u1ec3m tra n\u0103ng l\u1ef1c 1 - a@gmail.com", "action_flag": 3, "change_message": ""}}, {"model": "admin.logentry", "pk": 289, "fields": {"action_time": "2020-04-14T11:50:25.298Z", "user": 1, "content_type": 30, "object_id": "102", "object_repr": "B\u00e0i ki\u1ec3m tra n\u0103ng l\u1ef1c 1 - a@gmail.com", "action_flag": 3, "change_message": ""}}, {"model": "admin.logentry", "pk": 290, "fields": {"action_time": "2020-04-14T11:50:25.397Z", "user": 1, "content_type": 30, "object_id": "101", "object_repr": "B\u00e0i ki\u1ec3m tra n\u0103ng l\u1ef1c 1 - a@gmail.com", "action_flag": 3, "change_message": ""}}, {"model": "admin.logentry", "pk": 291, "fields": {"action_time": "2020-04-14T11:50:25.483Z", "user": 1, "content_type": 30, "object_id": "100", "object_repr": "B\u00e0i ki\u1ec3m tra n\u0103ng l\u1ef1c 1 - a@gmail.com", "action_flag": 3, "change_message": ""}}, {"model": "admin.logentry", "pk": 292, "fields": {"action_time": "2020-04-14T11:50:25.561Z", "user": 1, "content_type": 30, "object_id": "99", "object_repr": "B\u00e0i ki\u1ec3m tra n\u0103ng l\u1ef1c 1 - a@gmail.com", "action_flag": 3, "change_message": ""}}, {"model": "admin.logentry", "pk": 293, "fields": {"action_time": "2020-04-14T11:50:25.648Z", "user": 1, "content_type": 30, "object_id": "98", "object_repr": "B\u00e0i ki\u1ec3m tra n\u0103ng l\u1ef1c 1 - a@gmail.com", "action_flag": 3, "change_message": ""}}, {"model": "admin.logentry", "pk": 294, "fields": {"action_time": "2020-04-14T11:50:25.726Z", "user": 1, "content_type": 30, "object_id": "97", "object_repr": "B\u00e0i ki\u1ec3m tra n\u0103ng l\u1ef1c 1 - a@gmail.com", "action_flag": 3, "change_message": ""}}, {"model": "admin.logentry", "pk": 295, "fields": {"action_time": "2020-04-14T11:50:25.825Z", "user": 1, "content_type": 30, "object_id": "96", "object_repr": "B\u00e0i ki\u1ec3m tra n\u0103ng l\u1ef1c 1 - a@gmail.com", "action_flag": 3, "change_message": ""}}, {"model": "admin.logentry", "pk": 296, "fields": {"action_time": "2020-04-14T11:50:25.902Z", "user": 1, "content_type": 30, "object_id": "95", "object_repr": "B\u00e0i ki\u1ec3m tra n\u0103ng l\u1ef1c 1 - a@gmail.com", "action_flag": 3, "change_message": ""}}, {"model": "admin.logentry", "pk": 297, "fields": {"action_time": "2020-04-14T11:50:25.989Z", "user": 1, "content_type": 30, "object_id": "94", "object_repr": "B\u00e0i ki\u1ec3m tra n\u0103ng l\u1ef1c 1 - a@gmail.com", "action_flag": 3, "change_message": ""}}, {"model": "admin.logentry", "pk": 298, "fields": {"action_time": "2020-04-14T11:50:26.078Z", "user": 1, "content_type": 30, "object_id": "93", "object_repr": "B\u00e0i ki\u1ec3m tra n\u0103ng l\u1ef1c 1 - a@gmail.com", "action_flag": 3, "change_message": ""}}, {"model": "admin.logentry", "pk": 299, "fields": {"action_time": "2020-04-14T11:50:26.176Z", "user": 1, "content_type": 30, "object_id": "92", "object_repr": "B\u00e0i ki\u1ec3m tra n\u0103ng l\u1ef1c 1 - a@gmail.com", "action_flag": 3, "change_message": ""}}, {"model": "admin.logentry", "pk": 300, "fields": {"action_time": "2020-04-14T11:50:26.267Z", "user": 1, "content_type": 30, "object_id": "91", "object_repr": "B\u00e0i ki\u1ec3m tra n\u0103ng l\u1ef1c 1 - a@gmail.com", "action_flag": 3, "change_message": ""}}, {"model": "admin.logentry", "pk": 301, "fields": {"action_time": "2020-04-14T11:50:26.364Z", "user": 1, "content_type": 30, "object_id": "90", "object_repr": "B\u00e0i ki\u1ec3m tra n\u0103ng l\u1ef1c 1 - a@gmail.com", "action_flag": 3, "change_message": ""}}, {"model": "admin.logentry", "pk": 302, "fields": {"action_time": "2020-04-14T11:50:26.452Z", "user": 1, "content_type": 30, "object_id": "89", "object_repr": "B\u00e0i ki\u1ec3m tra n\u0103ng l\u1ef1c 1 - a@gmail.com", "action_flag": 3, "change_message": ""}}, {"model": "admin.logentry", "pk": 303, "fields": {"action_time": "2020-04-14T11:50:26.551Z", "user": 1, "content_type": 30, "object_id": "88", "object_repr": "B\u00e0i ki\u1ec3m tra n\u0103ng l\u1ef1c 1 - a@gmail.com", "action_flag": 3, "change_message": ""}}, {"model": "admin.logentry", "pk": 304, "fields": {"action_time": "2020-04-14T11:50:26.639Z", "user": 1, "content_type": 30, "object_id": "87", "object_repr": "B\u00e0i ki\u1ec3m tra n\u0103ng l\u1ef1c 1 - a@gmail.com", "action_flag": 3, "change_message": ""}}, {"model": "admin.logentry", "pk": 305, "fields": {"action_time": "2020-04-14T11:50:26.738Z", "user": 1, "content_type": 30, "object_id": "86", "object_repr": "B\u00e0i ki\u1ec3m tra n\u0103ng l\u1ef1c 1 - a@gmail.com", "action_flag": 3, "change_message": ""}}, {"model": "admin.logentry", "pk": 306, "fields": {"action_time": "2020-04-14T11:50:26.827Z", "user": 1, "content_type": 30, "object_id": "85", "object_repr": "B\u00e0i ki\u1ec3m tra n\u0103ng l\u1ef1c 1 - a@gmail.com", "action_flag": 3, "change_message": ""}}, {"model": "admin.logentry", "pk": 307, "fields": {"action_time": "2020-04-14T11:50:26.925Z", "user": 1, "content_type": 30, "object_id": "84", "object_repr": "B\u00e0i ki\u1ec3m tra n\u0103ng l\u1ef1c 1 - a@gmail.com", "action_flag": 3, "change_message": ""}}, {"model": "admin.logentry", "pk": 308, "fields": {"action_time": "2020-04-14T11:50:27.024Z", "user": 1, "content_type": 30, "object_id": "83", "object_repr": "B\u00e0i ki\u1ec3m tra n\u0103ng l\u1ef1c 1 - a@gmail.com", "action_flag": 3, "change_message": ""}}, {"model": "admin.logentry", "pk": 309, "fields": {"action_time": "2020-04-14T11:50:27.123Z", "user": 1, "content_type": 30, "object_id": "82", "object_repr": "B\u00e0i ki\u1ec3m tra n\u0103ng l\u1ef1c 1 - a@gmail.com", "action_flag": 3, "change_message": ""}}, {"model": "admin.logentry", "pk": 310, "fields": {"action_time": "2020-04-14T11:50:27.234Z", "user": 1, "content_type": 30, "object_id": "81", "object_repr": "B\u00e0i ki\u1ec3m tra n\u0103ng l\u1ef1c 1 - a@gmail.com", "action_flag": 3, "change_message": ""}}, {"model": "admin.logentry", "pk": 311, "fields": {"action_time": "2020-04-14T11:50:27.332Z", "user": 1, "content_type": 30, "object_id": "80", "object_repr": "B\u00e0i ki\u1ec3m tra n\u0103ng l\u1ef1c 1 - a@gmail.com", "action_flag": 3, "change_message": ""}}, {"model": "admin.logentry", "pk": 312, "fields": {"action_time": "2020-04-14T11:50:27.431Z", "user": 1, "content_type": 30, "object_id": "79", "object_repr": "B\u00e0i ki\u1ec3m tra n\u0103ng l\u1ef1c 1 - a@gmail.com", "action_flag": 3, "change_message": ""}}, {"model": "admin.logentry", "pk": 313, "fields": {"action_time": "2020-04-14T11:50:27.613Z", "user": 1, "content_type": 30, "object_id": "78", "object_repr": "B\u00e0i ki\u1ec3m tra n\u0103ng l\u1ef1c 1 - a@gmail.com", "action_flag": 3, "change_message": ""}}, {"model": "admin.logentry", "pk": 314, "fields": {"action_time": "2020-04-14T11:50:27.707Z", "user": 1, "content_type": 30, "object_id": "77", "object_repr": "B\u00e0i ki\u1ec3m tra n\u0103ng l\u1ef1c 1 - a@gmail.com", "action_flag": 3, "change_message": ""}}, {"model": "admin.logentry", "pk": 315, "fields": {"action_time": "2020-04-14T11:50:27.806Z", "user": 1, "content_type": 30, "object_id": "76", "object_repr": "B\u00e0i ki\u1ec3m tra n\u0103ng l\u1ef1c 1 - a@gmail.com", "action_flag": 3, "change_message": ""}}, {"model": "admin.logentry", "pk": 316, "fields": {"action_time": "2020-04-14T11:50:27.915Z", "user": 1, "content_type": 30, "object_id": "75", "object_repr": "B\u00e0i ki\u1ec3m tra n\u0103ng l\u1ef1c 1 - a@gmail.com", "action_flag": 3, "change_message": ""}}, {"model": "admin.logentry", "pk": 317, "fields": {"action_time": "2020-04-14T11:50:28.026Z", "user": 1, "content_type": 30, "object_id": "74", "object_repr": "B\u00e0i ki\u1ec3m tra n\u0103ng l\u1ef1c 1 - a@gmail.com", "action_flag": 3, "change_message": ""}}, {"model": "admin.logentry", "pk": 318, "fields": {"action_time": "2020-04-14T11:50:28.123Z", "user": 1, "content_type": 30, "object_id": "73", "object_repr": "B\u00e0i ki\u1ec3m tra n\u0103ng l\u1ef1c 1 - a@gmail.com", "action_flag": 3, "change_message": ""}}, {"model": "admin.logentry", "pk": 319, "fields": {"action_time": "2020-04-14T11:50:28.215Z", "user": 1, "content_type": 30, "object_id": "72", "object_repr": "B\u00e0i ki\u1ec3m tra n\u0103ng l\u1ef1c 1 - a@gmail.com", "action_flag": 3, "change_message": ""}}, {"model": "admin.logentry", "pk": 320, "fields": {"action_time": "2020-04-14T11:50:28.300Z", "user": 1, "content_type": 30, "object_id": "71", "object_repr": "B\u00e0i ki\u1ec3m tra n\u0103ng l\u1ef1c 1 - a@gmail.com", "action_flag": 3, "change_message": ""}}, {"model": "admin.logentry", "pk": 321, "fields": {"action_time": "2020-04-14T11:50:28.388Z", "user": 1, "content_type": 30, "object_id": "70", "object_repr": "B\u00e0i ki\u1ec3m tra n\u0103ng l\u1ef1c 1 - a@gmail.com", "action_flag": 3, "change_message": ""}}, {"model": "admin.logentry", "pk": 322, "fields": {"action_time": "2020-04-14T11:50:28.466Z", "user": 1, "content_type": 30, "object_id": "69", "object_repr": "B\u00e0i ki\u1ec3m tra n\u0103ng l\u1ef1c 1 - a@gmail.com", "action_flag": 3, "change_message": ""}}, {"model": "admin.logentry", "pk": 323, "fields": {"action_time": "2020-04-14T11:50:28.553Z", "user": 1, "content_type": 30, "object_id": "68", "object_repr": "B\u00e0i ki\u1ec3m tra n\u0103ng l\u1ef1c 1 - a@gmail.com", "action_flag": 3, "change_message": ""}}, {"model": "admin.logentry", "pk": 324, "fields": {"action_time": "2020-04-14T11:50:28.631Z", "user": 1, "content_type": 30, "object_id": "67", "object_repr": "B\u00e0i ki\u1ec3m tra n\u0103ng l\u1ef1c 1 - a@gmail.com", "action_flag": 3, "change_message": ""}}, {"model": "admin.logentry", "pk": 325, "fields": {"action_time": "2020-04-14T11:50:28.719Z", "user": 1, "content_type": 30, "object_id": "66", "object_repr": "B\u00e0i ki\u1ec3m tra n\u0103ng l\u1ef1c 1 - a@gmail.com", "action_flag": 3, "change_message": ""}}, {"model": "admin.logentry", "pk": 326, "fields": {"action_time": "2020-04-14T11:50:28.840Z", "user": 1, "content_type": 30, "object_id": "65", "object_repr": "B\u00e0i ki\u1ec3m tra n\u0103ng l\u1ef1c 1 - a@gmail.com", "action_flag": 3, "change_message": ""}}, {"model": "admin.logentry", "pk": 327, "fields": {"action_time": "2020-04-14T11:50:28.949Z", "user": 1, "content_type": 30, "object_id": "64", "object_repr": "B\u00e0i ki\u1ec3m tra n\u0103ng l\u1ef1c 1 - a@gmail.com", "action_flag": 3, "change_message": ""}}, {"model": "admin.logentry", "pk": 328, "fields": {"action_time": "2020-04-14T11:50:29.038Z", "user": 1, "content_type": 30, "object_id": "63", "object_repr": "B\u00e0i ki\u1ec3m tra n\u0103ng l\u1ef1c 1 - a@gmail.com", "action_flag": 3, "change_message": ""}}, {"model": "admin.logentry", "pk": 329, "fields": {"action_time": "2020-04-14T11:50:29.136Z", "user": 1, "content_type": 30, "object_id": "62", "object_repr": "B\u00e0i ki\u1ec3m tra n\u0103ng l\u1ef1c 1 - a@gmail.com", "action_flag": 3, "change_message": ""}}, {"model": "admin.logentry", "pk": 330, "fields": {"action_time": "2020-04-14T11:50:29.225Z", "user": 1, "content_type": 30, "object_id": "61", "object_repr": "B\u00e0i ki\u1ec3m tra n\u0103ng l\u1ef1c 1 - a@gmail.com", "action_flag": 3, "change_message": ""}}, {"model": "admin.logentry", "pk": 331, "fields": {"action_time": "2020-04-14T11:50:41.879Z", "user": 1, "content_type": 30, "object_id": "60", "object_repr": "B\u00e0i ki\u1ec3m tra n\u0103ng l\u1ef1c 1 - a@gmail.com", "action_flag": 3, "change_message": ""}}, {"model": "admin.logentry", "pk": 332, "fields": {"action_time": "2020-04-14T11:50:42.039Z", "user": 1, "content_type": 30, "object_id": "59", "object_repr": "B\u00e0i ki\u1ec3m tra n\u0103ng l\u1ef1c 1 - a@gmail.com", "action_flag": 3, "change_message": ""}}, {"model": "admin.logentry", "pk": 333, "fields": {"action_time": "2020-04-14T11:50:42.139Z", "user": 1, "content_type": 30, "object_id": "58", "object_repr": "B\u00e0i ki\u1ec3m tra n\u0103ng l\u1ef1c 1 - a@gmail.com", "action_flag": 3, "change_message": ""}}, {"model": "admin.logentry", "pk": 334, "fields": {"action_time": "2020-04-14T11:50:42.237Z", "user": 1, "content_type": 30, "object_id": "57", "object_repr": "B\u00e0i ki\u1ec3m tra n\u0103ng l\u1ef1c 1 - a@gmail.com", "action_flag": 3, "change_message": ""}}, {"model": "admin.logentry", "pk": 335, "fields": {"action_time": "2020-04-14T11:50:42.337Z", "user": 1, "content_type": 30, "object_id": "56", "object_repr": "B\u00e0i ki\u1ec3m tra n\u0103ng l\u1ef1c 1 - a@gmail.com", "action_flag": 3, "change_message": ""}}, {"model": "admin.logentry", "pk": 336, "fields": {"action_time": "2020-04-14T11:50:42.436Z", "user": 1, "content_type": 30, "object_id": "55", "object_repr": "B\u00e0i ki\u1ec3m tra n\u0103ng l\u1ef1c 1 - a@gmail.com", "action_flag": 3, "change_message": ""}}, {"model": "admin.logentry", "pk": 337, "fields": {"action_time": "2020-04-14T11:50:42.535Z", "user": 1, "content_type": 30, "object_id": "54", "object_repr": "B\u00e0i ki\u1ec3m tra n\u0103ng l\u1ef1c 1 - a@gmail.com", "action_flag": 3, "change_message": ""}}, {"model": "admin.logentry", "pk": 338, "fields": {"action_time": "2020-04-14T11:50:42.633Z", "user": 1, "content_type": 30, "object_id": "53", "object_repr": "B\u00e0i ki\u1ec3m tra n\u0103ng l\u1ef1c 1 - a@gmail.com", "action_flag": 3, "change_message": ""}}, {"model": "admin.logentry", "pk": 339, "fields": {"action_time": "2020-04-14T11:50:42.722Z", "user": 1, "content_type": 30, "object_id": "52", "object_repr": "B\u00e0i ki\u1ec3m tra n\u0103ng l\u1ef1c 1 - a@gmail.com", "action_flag": 3, "change_message": ""}}, {"model": "admin.logentry", "pk": 340, "fields": {"action_time": "2020-04-14T11:50:42.810Z", "user": 1, "content_type": 30, "object_id": "51", "object_repr": "B\u00e0i ki\u1ec3m tra n\u0103ng l\u1ef1c 1 - a@gmail.com", "action_flag": 3, "change_message": ""}}, {"model": "admin.logentry", "pk": 341, "fields": {"action_time": "2020-04-14T11:50:42.908Z", "user": 1, "content_type": 30, "object_id": "50", "object_repr": "B\u00e0i ki\u1ec3m tra n\u0103ng l\u1ef1c 1 - a@gmail.com", "action_flag": 3, "change_message": ""}}, {"model": "admin.logentry", "pk": 342, "fields": {"action_time": "2020-04-14T11:50:42.980Z", "user": 1, "content_type": 30, "object_id": "49", "object_repr": "B\u00e0i ki\u1ec3m tra n\u0103ng l\u1ef1c 1 - a@gmail.com", "action_flag": 3, "change_message": ""}}, {"model": "admin.logentry", "pk": 343, "fields": {"action_time": "2020-04-14T11:50:43.073Z", "user": 1, "content_type": 30, "object_id": "48", "object_repr": "B\u00e0i ki\u1ec3m tra n\u0103ng l\u1ef1c 1 - a@gmail.com", "action_flag": 3, "change_message": ""}}, {"model": "admin.logentry", "pk": 344, "fields": {"action_time": "2020-04-14T11:50:43.156Z", "user": 1, "content_type": 30, "object_id": "47", "object_repr": "B\u00e0i ki\u1ec3m tra n\u0103ng l\u1ef1c 1 - a@gmail.com", "action_flag": 3, "change_message": ""}}, {"model": "admin.logentry", "pk": 345, "fields": {"action_time": "2020-04-14T11:50:43.250Z", "user": 1, "content_type": 30, "object_id": "46", "object_repr": "B\u00e0i ki\u1ec3m tra n\u0103ng l\u1ef1c 1 - a@gmail.com", "action_flag": 3, "change_message": ""}}, {"model": "admin.logentry", "pk": 346, "fields": {"action_time": "2020-04-14T11:50:43.334Z", "user": 1, "content_type": 30, "object_id": "45", "object_repr": "B\u00e0i ki\u1ec3m tra n\u0103ng l\u1ef1c 1 - a@gmail.com", "action_flag": 3, "change_message": ""}}, {"model": "admin.logentry", "pk": 347, "fields": {"action_time": "2020-04-14T11:50:43.433Z", "user": 1, "content_type": 30, "object_id": "44", "object_repr": "B\u00e0i ki\u1ec3m tra n\u0103ng l\u1ef1c 1 - a@gmail.com", "action_flag": 3, "change_message": ""}}, {"model": "admin.logentry", "pk": 348, "fields": {"action_time": "2020-04-14T11:50:43.508Z", "user": 1, "content_type": 30, "object_id": "43", "object_repr": "B\u00e0i ki\u1ec3m tra n\u0103ng l\u1ef1c 1 - a@gmail.com", "action_flag": 3, "change_message": ""}}, {"model": "admin.logentry", "pk": 349, "fields": {"action_time": "2020-04-14T11:50:43.598Z", "user": 1, "content_type": 30, "object_id": "42", "object_repr": "B\u00e0i ki\u1ec3m tra n\u0103ng l\u1ef1c 1 - a@gmail.com", "action_flag": 3, "change_message": ""}}, {"model": "admin.logentry", "pk": 350, "fields": {"action_time": "2020-04-14T11:50:43.684Z", "user": 1, "content_type": 30, "object_id": "41", "object_repr": "B\u00e0i ki\u1ec3m tra n\u0103ng l\u1ef1c 1 - a@gmail.com", "action_flag": 3, "change_message": ""}}, {"model": "admin.logentry", "pk": 351, "fields": {"action_time": "2020-04-14T11:50:43.786Z", "user": 1, "content_type": 30, "object_id": "40", "object_repr": "B\u00e0i ki\u1ec3m tra n\u0103ng l\u1ef1c 1 - a@gmail.com", "action_flag": 3, "change_message": ""}}, {"model": "admin.logentry", "pk": 352, "fields": {"action_time": "2020-04-14T11:50:43.888Z", "user": 1, "content_type": 30, "object_id": "39", "object_repr": "B\u00e0i ki\u1ec3m tra n\u0103ng l\u1ef1c 1 - a@gmail.com", "action_flag": 3, "change_message": ""}}, {"model": "admin.logentry", "pk": 353, "fields": {"action_time": "2020-04-14T11:50:43.983Z", "user": 1, "content_type": 30, "object_id": "38", "object_repr": "B\u00e0i ki\u1ec3m tra n\u0103ng l\u1ef1c 1 - a@gmail.com", "action_flag": 3, "change_message": ""}}, {"model": "admin.logentry", "pk": 354, "fields": {"action_time": "2020-04-14T11:50:44.069Z", "user": 1, "content_type": 30, "object_id": "37", "object_repr": "B\u00e0i ki\u1ec3m tra n\u0103ng l\u1ef1c 1 - a@gmail.com", "action_flag": 3, "change_message": ""}}, {"model": "admin.logentry", "pk": 355, "fields": {"action_time": "2020-04-14T11:50:44.171Z", "user": 1, "content_type": 30, "object_id": "36", "object_repr": "B\u00e0i ki\u1ec3m tra n\u0103ng l\u1ef1c 1 - a@gmail.com", "action_flag": 3, "change_message": ""}}, {"model": "admin.logentry", "pk": 356, "fields": {"action_time": "2020-04-14T11:50:44.296Z", "user": 1, "content_type": 30, "object_id": "35", "object_repr": "B\u00e0i ki\u1ec3m tra n\u0103ng l\u1ef1c 1 - a@gmail.com", "action_flag": 3, "change_message": ""}}, {"model": "admin.logentry", "pk": 357, "fields": {"action_time": "2020-04-14T11:50:44.377Z", "user": 1, "content_type": 30, "object_id": "34", "object_repr": "B\u00e0i ki\u1ec3m tra n\u0103ng l\u1ef1c 1 - a@gmail.com", "action_flag": 3, "change_message": ""}}, {"model": "admin.logentry", "pk": 358, "fields": {"action_time": "2020-04-14T11:50:44.465Z", "user": 1, "content_type": 30, "object_id": "33", "object_repr": "B\u00e0i ki\u1ec3m tra n\u0103ng l\u1ef1c 1 - a@gmail.com", "action_flag": 3, "change_message": ""}}, {"model": "admin.logentry", "pk": 359, "fields": {"action_time": "2020-04-14T11:50:44.571Z", "user": 1, "content_type": 30, "object_id": "32", "object_repr": "B\u00e0i ki\u1ec3m tra n\u0103ng l\u1ef1c 1 - a@gmail.com", "action_flag": 3, "change_message": ""}}, {"model": "admin.logentry", "pk": 360, "fields": {"action_time": "2020-04-14T11:50:44.653Z", "user": 1, "content_type": 30, "object_id": "31", "object_repr": "B\u00e0i ki\u1ec3m tra n\u0103ng l\u1ef1c 1 - a@gmail.com", "action_flag": 3, "change_message": ""}}, {"model": "admin.logentry", "pk": 361, "fields": {"action_time": "2020-04-14T11:50:44.746Z", "user": 1, "content_type": 30, "object_id": "30", "object_repr": "B\u00e0i ki\u1ec3m tra n\u0103ng l\u1ef1c 1 - a@gmail.com", "action_flag": 3, "change_message": ""}}, {"model": "admin.logentry", "pk": 362, "fields": {"action_time": "2020-04-14T11:50:44.818Z", "user": 1, "content_type": 30, "object_id": "29", "object_repr": "B\u00e0i ki\u1ec3m tra n\u0103ng l\u1ef1c 1 - a@gmail.com", "action_flag": 3, "change_message": ""}}, {"model": "admin.logentry", "pk": 363, "fields": {"action_time": "2020-04-14T11:50:44.911Z", "user": 1, "content_type": 30, "object_id": "28", "object_repr": "B\u00e0i ki\u1ec3m tra n\u0103ng l\u1ef1c 1 - a@gmail.com", "action_flag": 3, "change_message": ""}}, {"model": "admin.logentry", "pk": 364, "fields": {"action_time": "2020-04-14T11:50:45.016Z", "user": 1, "content_type": 30, "object_id": "27", "object_repr": "B\u00e0i ki\u1ec3m tra n\u0103ng l\u1ef1c 1 - a@gmail.com", "action_flag": 3, "change_message": ""}}, {"model": "admin.logentry", "pk": 365, "fields": {"action_time": "2020-04-14T11:50:45.108Z", "user": 1, "content_type": 30, "object_id": "26", "object_repr": "B\u00e0i ki\u1ec3m tra n\u0103ng l\u1ef1c 1 - a@gmail.com", "action_flag": 3, "change_message": ""}}, {"model": "admin.logentry", "pk": 366, "fields": {"action_time": "2020-04-14T11:50:45.207Z", "user": 1, "content_type": 30, "object_id": "25", "object_repr": "B\u00e0i ki\u1ec3m tra n\u0103ng l\u1ef1c 1 - a@gmail.com", "action_flag": 3, "change_message": ""}}, {"model": "admin.logentry", "pk": 367, "fields": {"action_time": "2020-04-14T11:50:45.279Z", "user": 1, "content_type": 30, "object_id": "24", "object_repr": "B\u00e0i ki\u1ec3m tra n\u0103ng l\u1ef1c 1 - a@gmail.com", "action_flag": 3, "change_message": ""}}, {"model": "admin.logentry", "pk": 368, "fields": {"action_time": "2020-04-14T11:50:45.380Z", "user": 1, "content_type": 30, "object_id": "23", "object_repr": "B\u00e0i ki\u1ec3m tra n\u0103ng l\u1ef1c 1 - a@gmail.com", "action_flag": 3, "change_message": ""}}, {"model": "admin.logentry", "pk": 369, "fields": {"action_time": "2020-04-14T11:50:45.455Z", "user": 1, "content_type": 30, "object_id": "22", "object_repr": "B\u00e0i ki\u1ec3m tra n\u0103ng l\u1ef1c 1 - a@gmail.com", "action_flag": 3, "change_message": ""}}, {"model": "admin.logentry", "pk": 370, "fields": {"action_time": "2020-04-14T11:50:45.545Z", "user": 1, "content_type": 30, "object_id": "21", "object_repr": "B\u00e0i ki\u1ec3m tra n\u0103ng l\u1ef1c 1 - a@gmail.com", "action_flag": 3, "change_message": ""}}, {"model": "admin.logentry", "pk": 371, "fields": {"action_time": "2020-04-14T11:50:45.631Z", "user": 1, "content_type": 30, "object_id": "20", "object_repr": "B\u00e0i ki\u1ec3m tra n\u0103ng l\u1ef1c 1 - a@gmail.com", "action_flag": 3, "change_message": ""}}, {"model": "admin.logentry", "pk": 372, "fields": {"action_time": "2020-04-14T11:50:45.733Z", "user": 1, "content_type": 30, "object_id": "19", "object_repr": "B\u00e0i ki\u1ec3m tra n\u0103ng l\u1ef1c 1 - a@gmail.com", "action_flag": 3, "change_message": ""}}, {"model": "admin.logentry", "pk": 373, "fields": {"action_time": "2020-04-14T11:50:45.835Z", "user": 1, "content_type": 30, "object_id": "18", "object_repr": "B\u00e0i ki\u1ec3m tra n\u0103ng l\u1ef1c 1 - a@gmail.com", "action_flag": 3, "change_message": ""}}, {"model": "admin.logentry", "pk": 374, "fields": {"action_time": "2020-04-14T11:50:45.931Z", "user": 1, "content_type": 30, "object_id": "17", "object_repr": "B\u00e0i ki\u1ec3m tra n\u0103ng l\u1ef1c 1 - a@gmail.com", "action_flag": 3, "change_message": ""}}, {"model": "admin.logentry", "pk": 375, "fields": {"action_time": "2020-04-14T11:50:46.028Z", "user": 1, "content_type": 30, "object_id": "16", "object_repr": "B\u00e0i ki\u1ec3m tra n\u0103ng l\u1ef1c 1 - a@gmail.com", "action_flag": 3, "change_message": ""}}, {"model": "admin.logentry", "pk": 376, "fields": {"action_time": "2020-04-14T11:50:46.127Z", "user": 1, "content_type": 30, "object_id": "15", "object_repr": "B\u00e0i ki\u1ec3m tra n\u0103ng l\u1ef1c 1 - a@gmail.com", "action_flag": 3, "change_message": ""}}, {"model": "admin.logentry", "pk": 377, "fields": {"action_time": "2020-04-14T11:50:46.215Z", "user": 1, "content_type": 30, "object_id": "14", "object_repr": "B\u00e0i ki\u1ec3m tra n\u0103ng l\u1ef1c 1 - a@gmail.com", "action_flag": 3, "change_message": ""}}, {"model": "admin.logentry", "pk": 378, "fields": {"action_time": "2020-04-14T11:50:46.308Z", "user": 1, "content_type": 30, "object_id": "13", "object_repr": "B\u00e0i ki\u1ec3m tra n\u0103ng l\u1ef1c 1 - a@gmail.com", "action_flag": 3, "change_message": ""}}, {"model": "admin.logentry", "pk": 379, "fields": {"action_time": "2020-04-14T11:50:46.391Z", "user": 1, "content_type": 30, "object_id": "12", "object_repr": "B\u00e0i ki\u1ec3m tra n\u0103ng l\u1ef1c 1 - a@gmail.com", "action_flag": 3, "change_message": ""}}, {"model": "admin.logentry", "pk": 380, "fields": {"action_time": "2020-04-14T11:50:46.484Z", "user": 1, "content_type": 30, "object_id": "11", "object_repr": "B\u00e0i ki\u1ec3m tra n\u0103ng l\u1ef1c 1 - admin@gmail.com", "action_flag": 3, "change_message": ""}}, {"model": "admin.logentry", "pk": 381, "fields": {"action_time": "2020-04-14T11:50:46.567Z", "user": 1, "content_type": 30, "object_id": "10", "object_repr": "B\u00e0i ki\u1ec3m tra n\u0103ng l\u1ef1c 1 - admin@gmail.com", "action_flag": 3, "change_message": ""}}, {"model": "admin.logentry", "pk": 382, "fields": {"action_time": "2020-04-14T11:50:46.661Z", "user": 1, "content_type": 30, "object_id": "9", "object_repr": "B\u00e0i ki\u1ec3m tra n\u0103ng l\u1ef1c 1 - a@gmail.com", "action_flag": 3, "change_message": ""}}, {"model": "admin.logentry", "pk": 383, "fields": {"action_time": "2020-04-14T11:50:46.755Z", "user": 1, "content_type": 30, "object_id": "8", "object_repr": "B\u00e0i ki\u1ec3m tra n\u0103ng l\u1ef1c 1 - a@gmail.com", "action_flag": 3, "change_message": ""}}, {"model": "admin.logentry", "pk": 384, "fields": {"action_time": "2020-04-14T11:50:46.837Z", "user": 1, "content_type": 30, "object_id": "7", "object_repr": "B\u00e0i ki\u1ec3m tra n\u0103ng l\u1ef1c 1 - a@gmail.com", "action_flag": 3, "change_message": ""}}, {"model": "admin.logentry", "pk": 385, "fields": {"action_time": "2020-04-14T11:50:46.908Z", "user": 1, "content_type": 30, "object_id": "6", "object_repr": "B\u00e0i ki\u1ec3m tra n\u0103ng l\u1ef1c 1 - a@gmail.com", "action_flag": 3, "change_message": ""}}, {"model": "admin.logentry", "pk": 386, "fields": {"action_time": "2020-04-14T11:50:47.001Z", "user": 1, "content_type": 30, "object_id": "5", "object_repr": "B\u00e0i ki\u1ec3m tra n\u0103ng l\u1ef1c 1 - a@gmail.com", "action_flag": 3, "change_message": ""}}, {"model": "admin.logentry", "pk": 387, "fields": {"action_time": "2020-04-14T11:50:47.085Z", "user": 1, "content_type": 30, "object_id": "4", "object_repr": "B\u00e0i ki\u1ec3m tra n\u0103ng l\u1ef1c 1 - admin@gmail.com", "action_flag": 3, "change_message": ""}}, {"model": "admin.logentry", "pk": 388, "fields": {"action_time": "2020-04-14T11:50:47.182Z", "user": 1, "content_type": 30, "object_id": "3", "object_repr": "B\u00e0i ki\u1ec3m tra n\u0103ng l\u1ef1c 1 - admin@gmail.com", "action_flag": 3, "change_message": ""}}, {"model": "admin.logentry", "pk": 389, "fields": {"action_time": "2020-04-14T11:50:47.294Z", "user": 1, "content_type": 30, "object_id": "1", "object_repr": "B\u00e0i ki\u1ec3m tra n\u0103ng l\u1ef1c 1 - hungduy1270@gmail.com", "action_flag": 3, "change_message": ""}}, {"model": "admin.logentry", "pk": 390, "fields": {"action_time": "2020-04-14T17:28:55.044Z", "user": 1, "content_type": 26, "object_id": "1", "object_repr": "B\u00e0i ki\u1ec3m tra n\u0103ng l\u1ef1c 1", "action_flag": 2, "change_message": "[{\"changed\": {\"fields\": [\"Duration\"]}}]"}}, {"model": "admin.logentry", "pk": 391, "fields": {"action_time": "2020-04-17T13:36:43.031Z", "user": 1, "content_type": 16, "object_id": "1", "object_repr": "Basic Python - ch1", "action_flag": 1, "change_message": "[{\"added\": {}}]"}}, {"model": "admin.logentry", "pk": 392, "fields": {"action_time": "2020-04-17T13:36:47.260Z", "user": 1, "content_type": 32, "object_id": "1", "object_repr": "Basic Python - Week 1", "action_flag": 1, "change_message": "[{\"added\": {}}]"}}, {"model": "admin.logentry", "pk": 393, "fields": {"action_time": "2020-04-17T13:38:35.585Z", "user": 1, "content_type": 33, "object_id": "1", "object_repr": "Bai giang 1", "action_flag": 1, "change_message": "[{\"added\": {}}]"}}, {"model": "admin.logentry", "pk": 394, "fields": {"action_time": "2020-04-18T11:07:13.062Z", "user": 1, "content_type": 13, "object_id": "2", "object_repr": "Intermediate Python", "action_flag": 2, "change_message": "[]"}}, {"model": "admin.logentry", "pk": 395, "fields": {"action_time": "2020-04-18T11:07:50.447Z", "user": 1, "content_type": 13, "object_id": "3", "object_repr": "Advanced Python", "action_flag": 2, "change_message": "[]"}}, {"model": "admin.logentry", "pk": 396, "fields": {"action_time": "2020-04-18T11:08:24.615Z", "user": 1, "content_type": 13, "object_id": "4", "object_repr": "Machine Learning", "action_flag": 2, "change_message": "[]"}}, {"model": "admin.logentry", "pk": 397, "fields": {"action_time": "2020-04-18T11:08:33.874Z", "user": 1, "content_type": 13, "object_id": "5", "object_repr": "Python Tips & Tricks", "action_flag": 2, "change_message": "[]"}}, {"model": "admin.logentry", "pk": 398, "fields": {"action_time": "2020-04-18T11:09:16.271Z", "user": 1, "content_type": 13, "object_id": "6", "object_repr": "Javascript the basics", "action_flag": 2, "change_message": "[]"}}, {"model": "admin.logentry", "pk": 399, "fields": {"action_time": "2020-04-18T11:09:21.753Z", "user": 1, "content_type": 13, "object_id": "7", "object_repr": "Python-Django", "action_flag": 2, "change_message": "[]"}}, {"model": "admin.logentry", "pk": 400, "fields": {"action_time": "2020-04-18T17:17:42.765Z", "user": 1, "content_type": 27, "object_id": "1", "object_repr": "Question 1 - Python l\u00e0 g\u00ec", "action_flag": 2, "change_message": "[{\"changed\": {\"fields\": [\"Choices\", \"Answers\"]}}]"}}, {"model": "admin.logentry", "pk": 401, "fields": {"action_time": "2020-04-18T17:18:12.999Z", "user": 1, "content_type": 27, "object_id": "2", "object_repr": "Question 2 - PEP 8 l\u00e0 g\u00ec", "action_flag": 2, "change_message": "[{\"changed\": {\"fields\": [\"Choices\", \"Answers\"]}}]"}}, {"model": "admin.logentry", "pk": 402, "fields": {"action_time": "2020-04-18T17:18:25.754Z", "user": 1, "content_type": 27, "object_id": "3", "object_repr": "Question 3 - Lambda trong Python", "action_flag": 2, "change_message": "[{\"changed\": {\"fields\": [\"Choices\", \"Answers\"]}}]"}}, {"model": "admin.logentry", "pk": 403, "fields": {"action_time": "2020-04-18T17:18:50.103Z", "user": 1, "content_type": 27, "object_id": "4", "object_repr": "Question 4 - Bi\u1ebfn trong python", "action_flag": 2, "change_message": "[{\"changed\": {\"fields\": [\"Choices\", \"Answers\"]}}]"}}, {"model": "admin.logentry", "pk": 404, "fields": {"action_time": "2020-04-18T17:19:11.667Z", "user": 1, "content_type": 27, "object_id": "5", "object_repr": "Question 5 - Max integer value", "action_flag": 2, "change_message": "[{\"changed\": {\"fields\": [\"Choices\", \"Answers\"]}}]"}}, {"model": "admin.logentry", "pk": 405, "fields": {"action_time": "2020-04-18T17:19:52.438Z", "user": 1, "content_type": 27, "object_id": "6", "object_repr": "Question 6 - Out put of raining'. find('z') ?", "action_flag": 2, "change_message": "[{\"changed\": {\"fields\": [\"Choices\", \"Answers\"]}}]"}}, {"model": "admin.logentry", "pk": 406, "fields": {"action_time": "2020-04-18T17:20:18.625Z", "user": 1, "content_type": 27, "object_id": "7", "object_repr": "Question 7 -  How Python is interpreted", "action_flag": 2, "change_message": "[{\"changed\": {\"fields\": [\"Choices\", \"Answers\"]}}]"}}, {"model": "admin.logentry", "pk": 407, "fields": {"action_time": "2020-04-18T17:20:36.982Z", "user": 1, "content_type": 27, "object_id": "8", "object_repr": "Question 8 - How memory is managed in Python", "action_flag": 2, "change_message": "[{\"changed\": {\"fields\": [\"Choices\", \"Answers\"]}}]"}}, {"model": "admin.logentry", "pk": 408, "fields": {"action_time": "2020-04-18T17:21:01.763Z", "user": 1, "content_type": 27, "object_id": "9", "object_repr": "Question 9 - What is PYTHONPATH?", "action_flag": 2, "change_message": "[{\"changed\": {\"fields\": [\"Choices\", \"Answers\"]}}]"}}, {"model": "admin.logentry", "pk": 409, "fields": {"action_time": "2020-04-18T17:21:31.580Z", "user": 1, "content_type": 27, "object_id": "10", "object_repr": "Question 10 - What is __init__?", "action_flag": 2, "change_message": "[{\"changed\": {\"fields\": [\"Choices\", \"Answers\"]}}]"}}, {"model": "admin.logentry", "pk": 410, "fields": {"action_time": "2020-04-18T17:21:54.080Z", "user": 1, "content_type": 27, "object_id": "11", "object_repr": "Question 11 -", "action_flag": 2, "change_message": "[{\"changed\": {\"fields\": [\"Choices\", \"Answers\"]}}]"}}, {"model": "admin.logentry", "pk": 411, "fields": {"action_time": "2020-04-18T17:22:09.368Z", "user": 1, "content_type": 27, "object_id": "12", "object_repr": "Question 12 - Sky", "action_flag": 2, "change_message": "[{\"changed\": {\"fields\": [\"Choices\", \"Answers\"]}}]"}}, {"model": "admin.logentry", "pk": 412, "fields": {"action_time": "2020-04-18T17:22:21.349Z", "user": 1, "content_type": 27, "object_id": "13", "object_repr": "Question 13 - Universal", "action_flag": 2, "change_message": "[{\"changed\": {\"fields\": [\"Choices\", \"Answers\"]}}]"}}, {"model": "admin.logentry", "pk": 413, "fields": {"action_time": "2020-04-18T17:22:34.327Z", "user": 1, "content_type": 27, "object_id": "14", "object_repr": "Question 14 - Big bang", "action_flag": 2, "change_message": "[{\"changed\": {\"fields\": [\"Choices\", \"Answers\"]}}]"}}, {"model": "admin.logentry", "pk": 414, "fields": {"action_time": "2020-04-19T12:38:23.044Z", "user": 1, "content_type": 32, "object_id": "1", "object_repr": "Basic Python - Week 1", "action_flag": 2, "change_message": "[]"}}, {"model": "admin.logentry", "pk": 415, "fields": {"action_time": "2020-04-19T12:45:36.113Z", "user": 1, "content_type": 32, "object_id": "2", "object_repr": "Basic Python - Week 2", "action_flag": 1, "change_message": "[{\"added\": {}}]"}}, {"model": "admin.logentry", "pk": 416, "fields": {"action_time": "2020-04-19T12:45:47.316Z", "user": 1, "content_type": 32, "object_id": "3", "object_repr": "Basic Python - Week 3", "action_flag": 1, "change_message": "[{\"added\": {}}]"}}, {"model": "admin.logentry", "pk": 417, "fields": {"action_time": "2020-04-19T12:46:01.637Z", "user": 1, "content_type": 32, "object_id": "4", "object_repr": "Basic Python - Assignment 1", "action_flag": 1, "change_message": "[{\"added\": {}}]"}}, {"model": "admin.logentry", "pk": 418, "fields": {"action_time": "2020-04-19T12:55:38.820Z", "user": 1, "content_type": 33, "object_id": "2", "object_repr": "Chapter 1 - Why python ?", "action_flag": 1, "change_message": "[{\"added\": {}}]"}}, {"model": "admin.logentry", "pk": 419, "fields": {"action_time": "2020-04-19T12:56:06.815Z", "user": 1, "content_type": 33, "object_id": "2", "object_repr": "Chapter 1 - Why python ?", "action_flag": 2, "change_message": "[]"}}, {"model": "admin.logentry", "pk": 420, "fields": {"action_time": "2020-04-19T12:56:38.822Z", "user": 1, "content_type": 33, "object_id": "3", "object_repr": "Chapter 1 - Why python ?", "action_flag": 1, "change_message": "[{\"added\": {}}]"}}, {"model": "admin.logentry", "pk": 421, "fields": {"action_time": "2020-04-20T02:32:19.850Z", "user": 1, "content_type": 13, "object_id": "1", "object_repr": "Basic Python", "action_flag": 2, "change_message": "[{\"changed\": {\"fields\": [\"Fee type\"]}}]"}}, {"model": "admin.logentry", "pk": 422, "fields": {"action_time": "2020-04-20T04:21:20.834Z", "user": 1, "content_type": 16, "object_id": "2", "object_repr": "Intermediate Python", "action_flag": 2, "change_message": "[{\"changed\": {\"fields\": [\"Students\"]}}]"}}, {"model": "admin.logentry", "pk": 423, "fields": {"action_time": "2020-04-20T04:21:47.786Z", "user": 1, "content_type": 16, "object_id": "5", "object_repr": "Python Tips & Tricks", "action_flag": 2, "change_message": "[{\"changed\": {\"fields\": [\"Students\"]}}]"}}, {"model": "admin.logentry", "pk": 424, "fields": {"action_time": "2020-04-20T04:54:05.431Z", "user": 1, "content_type": 16, "object_id": "1", "object_repr": "Basic Python", "action_flag": 2, "change_message": "[{\"changed\": {\"fields\": [\"Students\"]}}]"}}, {"model": "admin.logentry", "pk": 425, "fields": {"action_time": "2020-04-20T04:54:36.373Z", "user": 1, "content_type": 16, "object_id": "1", "object_repr": "Basic Python", "action_flag": 2, "change_message": "[{\"changed\": {\"fields\": [\"Students\"]}}]"}}, {"model": "admin.logentry", "pk": 426, "fields": {"action_time": "2020-04-20T04:56:25.577Z", "user": 1, "content_type": 16, "object_id": "1", "object_repr": "Basic Python", "action_flag": 2, "change_message": "[{\"changed\": {\"fields\": [\"Students\"]}}]"}}, {"model": "admin.logentry", "pk": 427, "fields": {"action_time": "2020-04-20T04:59:15.001Z", "user": 1, "content_type": 16, "object_id": "1", "object_repr": "Basic Python", "action_flag": 2, "change_message": "[{\"changed\": {\"fields\": [\"Students\"]}}]"}}, {"model": "admin.logentry", "pk": 428, "fields": {"action_time": "2020-04-20T05:01:56.640Z", "user": 1, "content_type": 16, "object_id": "1", "object_repr": "Basic Python", "action_flag": 2, "change_message": "[{\"changed\": {\"fields\": [\"Students\"]}}]"}}, {"model": "admin.logentry", "pk": 429, "fields": {"action_time": "2020-04-20T06:00:05.703Z", "user": 1, "content_type": 16, "object_id": "1", "object_repr": "Basic Python", "action_flag": 2, "change_message": "[{\"changed\": {\"fields\": [\"Students\"]}}]"}}, {"model": "admin.logentry", "pk": 430, "fields": {"action_time": "2020-04-20T06:00:56.141Z", "user": 1, "content_type": 16, "object_id": "1", "object_repr": "Basic Python", "action_flag": 2, "change_message": "[{\"changed\": {\"fields\": [\"Students\"]}}]"}}, {"model": "admin.logentry", "pk": 431, "fields": {"action_time": "2020-04-20T06:02:56.075Z", "user": 1, "content_type": 16, "object_id": "1", "object_repr": "Basic Python", "action_flag": 2, "change_message": "[{\"changed\": {\"fields\": [\"Students\"]}}]"}}, {"model": "admin.logentry", "pk": 432, "fields": {"action_time": "2020-04-20T06:07:27.555Z", "user": 1, "content_type": 16, "object_id": "1", "object_repr": "Basic Python", "action_flag": 2, "change_message": "[{\"changed\": {\"fields\": [\"Students\"]}}]"}}, {"model": "admin.logentry", "pk": 433, "fields": {"action_time": "2020-04-20T06:09:04.465Z", "user": 1, "content_type": 16, "object_id": "1", "object_repr": "Basic Python", "action_flag": 2, "change_message": "[{\"changed\": {\"fields\": [\"Students\"]}}]"}}, {"model": "admin.logentry", "pk": 434, "fields": {"action_time": "2020-04-20T06:11:13.805Z", "user": 1, "content_type": 16, "object_id": "1", "object_repr": "Basic Python", "action_flag": 2, "change_message": "[{\"changed\": {\"fields\": [\"Students\"]}}]"}}, {"model": "admin.logentry", "pk": 435, "fields": {"action_time": "2020-04-20T07:36:04.703Z", "user": 1, "content_type": 16, "object_id": "1", "object_repr": "Basic Python", "action_flag": 2, "change_message": "[]"}}, {"model": "admin.logentry", "pk": 436, "fields": {"action_time": "2020-04-20T07:36:11.516Z", "user": 1, "content_type": 16, "object_id": "2", "object_repr": "Intermediate Python", "action_flag": 2, "change_message": "[]"}}, {"model": "admin.logentry", "pk": 437, "fields": {"action_time": "2020-04-20T07:36:17.936Z", "user": 1, "content_type": 16, "object_id": "3", "object_repr": "Advanced Python", "action_flag": 2, "change_message": "[]"}}, {"model": "admin.logentry", "pk": 438, "fields": {"action_time": "2020-04-20T07:36:21.694Z", "user": 1, "content_type": 16, "object_id": "4", "object_repr": "Machine Learning", "action_flag": 2, "change_message": "[]"}}, {"model": "admin.logentry", "pk": 439, "fields": {"action_time": "2020-04-20T07:36:27.245Z", "user": 1, "content_type": 16, "object_id": "5", "object_repr": "Python Tips & Tricks", "action_flag": 2, "change_message": "[]"}}, {"model": "admin.logentry", "pk": 440, "fields": {"action_time": "2020-04-20T07:36:30.465Z", "user": 1, "content_type": 16, "object_id": "6", "object_repr": "Javascript the basics", "action_flag": 2, "change_message": "[]"}}, {"model": "admin.logentry", "pk": 441, "fields": {"action_time": "2020-04-20T07:36:33.567Z", "user": 1, "content_type": 16, "object_id": "7", "object_repr": "Python-Django", "action_flag": 2, "change_message": "[]"}}, {"model": "admin.logentry", "pk": 442, "fields": {"action_time": "2020-04-20T14:38:34.060Z", "user": 1, "content_type": 16, "object_id": "1", "object_repr": "Basic Python", "action_flag": 2, "change_message": "[{\"changed\": {\"fields\": [\"Course info\"]}}]"}}, {"model": "admin.logentry", "pk": 443, "fields": {"action_time": "2020-04-20T14:38:42.185Z", "user": 1, "content_type": 16, "object_id": "2", "object_repr": "Intermediate Python", "action_flag": 2, "change_message": "[{\"changed\": {\"fields\": [\"Course info\"]}}]"}}, {"model": "admin.logentry", "pk": 444, "fields": {"action_time": "2020-04-20T14:38:47.320Z", "user": 1, "content_type": 16, "object_id": "3", "object_repr": "Advanced Python", "action_flag": 2, "change_message": "[{\"changed\": {\"fields\": [\"Course info\"]}}]"}}, {"model": "admin.logentry", "pk": 445, "fields": {"action_time": "2020-04-20T14:38:53.582Z", "user": 1, "content_type": 16, "object_id": "4", "object_repr": "Machine Learning", "action_flag": 2, "change_message": "[{\"changed\": {\"fields\": [\"Course info\"]}}]"}}, {"model": "admin.logentry", "pk": 446, "fields": {"action_time": "2020-04-21T02:25:47.361Z", "user": 1, "content_type": 9, "object_id": "5", "object_repr": "a@gmail.com", "action_flag": 2, "change_message": "[{\"changed\": {\"fields\": [\"First name\", \"Last name\"]}}]"}}, {"model": "admin.logentry", "pk": 447, "fields": {"action_time": "2020-04-30T07:17:43.317Z", "user": 1, "content_type": 33, "object_id": "1", "object_repr": "Bai giang 1 - video", "action_flag": 2, "change_message": "[{\"changed\": {\"fields\": [\"File type\"]}}]"}}, {"model": "admin.logentry", "pk": 448, "fields": {"action_time": "2020-05-02T05:31:38.055Z", "user": 1, "content_type": 16, "object_id": "7", "object_repr": "Python-Django", "action_flag": 2, "change_message": "[{\"changed\": {\"fields\": [\"Students\"]}}]"}}, {"model": "admin.logentry", "pk": 449, "fields": {"action_time": "2020-05-02T05:32:00.562Z", "user": 1, "content_type": 16, "object_id": "6", "object_repr": "Javascript the basics", "action_flag": 2, "change_message": "[{\"changed\": {\"fields\": [\"Students\"]}}]"}}, {"model": "admin.logentry", "pk": 450, "fields": {"action_time": "2020-05-02T05:32:09.994Z", "user": 1, "content_type": 16, "object_id": "5", "object_repr": "Python Tips & Tricks", "action_flag": 2, "change_message": "[{\"changed\": {\"fields\": [\"Students\"]}}]"}}, {"model": "admin.logentry", "pk": 451, "fields": {"action_time": "2020-05-02T05:45:51.707Z", "user": 1, "content_type": 16, "object_id": "2", "object_repr": "Intermediate Python", "action_flag": 2, "change_message": "[{\"changed\": {\"fields\": [\"Students\"]}}]"}}, {"model": "admin.logentry", "pk": 452, "fields": {"action_time": "2020-05-02T05:47:01.322Z", "user": 1, "content_type": 16, "object_id": "2", "object_repr": "Intermediate Python", "action_flag": 2, "change_message": "[{\"changed\": {\"fields\": [\"Students\"]}}]"}}, {"model": "admin.logentry", "pk": 453, "fields": {"action_time": "2020-05-02T05:48:42.360Z", "user": 1, "content_type": 16, "object_id": "2", "object_repr": "Intermediate Python", "action_flag": 2, "change_message": "[{\"changed\": {\"fields\": [\"Students\"]}}]"}}, {"model": "admin.logentry", "pk": 454, "fields": {"action_time": "2020-05-02T05:54:17.244Z", "user": 1, "content_type": 16, "object_id": "2", "object_repr": "Intermediate Python", "action_flag": 2, "change_message": "[{\"changed\": {\"fields\": [\"Students\"]}}]"}}, {"model": "admin.logentry", "pk": 455, "fields": {"action_time": "2020-05-02T06:28:56.065Z", "user": 1, "content_type": 16, "object_id": "2", "object_repr": "Intermediate Python", "action_flag": 2, "change_message": "[{\"changed\": {\"fields\": [\"Students\"]}}]"}}, {"model": "admin.logentry", "pk": 456, "fields": {"action_time": "2020-05-02T09:22:12.006Z", "user": 1, "content_type": 9, "object_id": "5", "object_repr": "a@gmail.com", "action_flag": 2, "change_message": "[{\"changed\": {\"fields\": [\"First name\"]}}]"}}, {"model": "admin.logentry", "pk": 457, "fields": {"action_time": "2020-05-02T09:45:51.987Z", "user": 1, "content_type": 33, "object_id": "4", "object_repr": "Ch\u01b0\u01a1ng 3 - H\u01b0\u1edbng d\u1eabn c\u00e0i \u0111\u1eb7t django rest framework - video", "action_flag": 1, "change_message": "[{\"added\": {}}]"}}, {"model": "admin.logentry", "pk": 458, "fields": {"action_time": "2020-05-02T10:35:01.330Z", "user": 1, "content_type": 33, "object_id": "3", "object_repr": "Chapter 1 - Why python ? - video", "action_flag": 3, "change_message": ""}}, {"model": "admin.logentry", "pk": 459, "fields": {"action_time": "2020-05-02T10:35:11.425Z", "user": 1, "content_type": 33, "object_id": "1", "object_repr": "Bai giang 1 - video", "action_flag": 3, "change_message": ""}}, {"model": "admin.logentry", "pk": 460, "fields": {"action_time": "2020-05-02T10:40:56.043Z", "user": 1, "content_type": 33, "object_id": "5", "object_repr": "Chapter 1 - Gi\u1edbi thi\u1ec7u ng\u00f4n ng\u1eef python - video", "action_flag": 1, "change_message": "[{\"added\": {}}]"}}, {"model": "admin.logentry", "pk": 461, "fields": {"action_time": "2020-05-02T10:49:03.438Z", "user": 1, "content_type": 33, "object_id": "6", "object_repr": "Ch\u01b0\u01a1ng 2 - Pip - video", "action_flag": 1, "change_message": "[{\"added\": {}}]"}}, {"model": "admin.logentry", "pk": 462, "fields": {"action_time": "2020-05-02T12:27:04.284Z", "user": 1, "content_type": 33, "object_id": "7", "object_repr": "Test - video", "action_flag": 1, "change_message": "[{\"added\": {}}]"}}, {"model": "admin.logentry", "pk": 463, "fields": {"action_time": "2020-05-02T12:27:52.260Z", "user": 1, "content_type": 33, "object_id": "8", "object_repr": "Test 2 - video", "action_flag": 1, "change_message": "[{\"added\": {}}]"}}, {"model": "admin.logentry", "pk": 464, "fields": {"action_time": "2020-05-03T15:31:38.960Z", "user": 1, "content_type": 29, "object_id": "16", "object_repr": "<pre>\r\n<code class=\"language-python\">const a = \"He", "action_flag": 2, "change_message": "[{\"changed\": {\"fields\": [\"Content\"]}}]"}}, {"model": "admin.logentry", "pk": 465, "fields": {"action_time": "2020-05-03T15:31:52.490Z", "user": 1, "content_type": 29, "object_id": "15", "object_repr": "<pre>\r\n<code class=\"language-python\">a = \"Hello Wo", "action_flag": 2, "change_message": "[{\"changed\": {\"fields\": [\"Content\"]}}]"}}, {"model": "admin.logentry", "pk": 466, "fields": {"action_time": "2020-05-03T15:32:01.150Z", "user": 1, "content_type": 29, "object_id": "14", "object_repr": "<pre>\r\n<code class=\"language-python\">string a = \"H", "action_flag": 2, "change_message": "[]"}}, {"model": "admin.logentry", "pk": 467, "fields": {"action_time": "2020-05-03T15:32:18.022Z", "user": 1, "content_type": 29, "object_id": "13", "object_repr": "<pre>\r\n<code class=\"language-python\">var a = \"Hell", "action_flag": 2, "change_message": "[{\"changed\": {\"fields\": [\"Content\"]}}]"}}, {"model": "admin.logentry", "pk": 468, "fields": {"action_time": "2020-05-03T15:32:40.866Z", "user": 1, "content_type": 29, "object_id": "14", "object_repr": "<pre>\r\n<code class=\"language-python\">string a = \"H", "action_flag": 2, "change_message": "[{\"changed\": {\"fields\": [\"Content\"]}}]"}}, {"model": "admin.logentry", "pk": 469, "fields": {"action_time": "2020-05-05T14:39:03.870Z", "user": 1, "content_type": 32, "object_id": "1", "object_repr": "Basic Python - Week 1", "action_flag": 2, "change_message": "[{\"changed\": {\"fields\": [\"Info\"]}}]"}}, {"model": "admin.logentry", "pk": 470, "fields": {"action_time": "2020-05-05T14:39:39.652Z", "user": 1, "content_type": 32, "object_id": "2", "object_repr": "Basic Python - Week 2", "action_flag": 2, "change_message": "[{\"changed\": {\"fields\": [\"Info\"]}}]"}}, {"model": "admin.logentry", "pk": 471, "fields": {"action_time": "2020-05-05T14:40:37.138Z", "user": 1, "content_type": 32, "object_id": "3", "object_repr": "Basic Python - Week 3", "action_flag": 2, "change_message": "[{\"changed\": {\"fields\": [\"Info\"]}}]"}}, {"model": "admin.logentry", "pk": 472, "fields": {"action_time": "2020-05-07T13:38:41.587Z", "user": 1, "content_type": 20, "object_id": "1", "object_repr": "Quiz 1", "action_flag": 1, "change_message": "[{\"added\": {}}]"}}, {"model": "admin.logentry", "pk": 473, "fields": {"action_time": "2020-05-07T14:57:05.527Z", "user": 1, "content_type": 20, "object_id": "2", "object_repr": "Quiz 2: Ki\u1ec3m tra ki\u1ebfn th\u1ee9c", "action_flag": 1, "change_message": "[{\"added\": {}}]"}}, {"model": "admin.logentry", "pk": 474, "fields": {"action_time": "2020-05-10T04:38:37.993Z", "user": 1, "content_type": 27, "object_id": "3", "object_repr": "Question 3 - Lambda trong Python", "action_flag": 2, "change_message": "[{\"changed\": {\"fields\": [\"Answers\", \"Question type\"]}}]"}}, {"model": "admin.logentry", "pk": 475, "fields": {"action_time": "2020-05-10T04:38:52.162Z", "user": 1, "content_type": 27, "object_id": "2", "object_repr": "Question 2 - PEP 8 l\u00e0 g\u00ec", "action_flag": 2, "change_message": "[{\"changed\": {\"fields\": [\"Answers\", \"Question type\"]}}]"}}, {"model": "admin.logentry", "pk": 476, "fields": {"action_time": "2020-05-10T13:36:34.431Z", "user": 1, "content_type": 40, "object_id": "1", "object_repr": "Ch\u01b0\u01a1ng 1 - H\u1ecfi \u0111\u00e1p", "action_flag": 1, "change_message": "[{\"added\": {}}]"}}, {"model": "admin.logentry", "pk": 477, "fields": {"action_time": "2020-05-10T13:53:08.781Z", "user": 1, "content_type": 39, "object_id": "1", "object_repr": "H\u1ecfi v\u1ec1 \u1ee9ng d\u1ee5ng c\u1ee7a Python", "action_flag": 1, "change_message": "[{\"added\": {}}]"}}, {"model": "admin.logentry", "pk": 478, "fields": {"action_time": "2020-05-10T13:53:47.836Z", "user": 1, "content_type": 38, "object_id": "1", "object_repr": "<p>T&ocirc;i kh&ocirc;ng bi\u1ebft n\u1eefa</p>", "action_flag": 1, "change_message": "[{\"added\": {}}]"}}, {"model": "admin.logentry", "pk": 479, "fields": {"action_time": "2020-05-11T13:42:27.452Z", "user": 1, "content_type": 40, "object_id": "1", "object_repr": "Ch\u01b0\u01a1ng 1 - H\u1ecfi \u0111\u00e1p", "action_flag": 2, "change_message": "[]"}}, {"model": "admin.logentry", "pk": 480, "fields": {"action_time": "2020-05-11T13:42:50.557Z", "user": 1, "content_type": 40, "object_id": "2", "object_repr": "Ch\u01b0\u01a1ng 2 - H\u1ecfi \u0111\u00e1p", "action_flag": 1, "change_message": "[{\"added\": {}}]"}}, {"model": "admin.logentry", "pk": 481, "fields": {"action_time": "2020-05-14T14:28:45.598Z", "user": 1, "content_type": 9, "object_id": "1", "object_repr": "admin@gmail.com", "action_flag": 1, "change_message": "[{\"added\": {}}]"}}, {"model": "admin.logentry", "pk": 482, "fields": {"action_time": "2020-05-14T15:41:30.921Z", "user": 1, "content_type": 38, "object_id": "2", "object_repr": "<p>B\u1edfi v&igrave; python r\u1ea5t m\u1ea1nh</p>", "action_flag": 1, "change_message": "[{\"added\": {}}]"}}, {"model": "admin.logentry", "pk": 483, "fields": {"action_time": "2020-05-15T16:51:37.934Z", "user": 1, "content_type": 39, "object_id": "1", "object_repr": "H\u1ecfi v\u1ec1 \u1ee9ng d\u1ee5ng c\u1ee7a Python", "action_flag": 2, "change_message": "[{\"changed\": {\"fields\": [\"Content\"]}}]"}}, {"model": "admin.logentry", "pk": 484, "fields": {"action_time": "2020-05-16T04:53:50.104Z", "user": 1, "content_type": 39, "object_id": "2", "object_repr": "Th\u1eafc m\u1eafc v\u1ec1 Python", "action_flag": 1, "change_message": "[{\"added\": {}}]"}}, {"model": "admin.logentry", "pk": 485, "fields": {"action_time": "2020-05-16T08:36:31.614Z", "user": 1, "content_type": 7, "object_id": "5", "object_repr": "a@gmail.com", "action_flag": 2, "change_message": "[{\"changed\": {\"fields\": [\"Is staff\"]}}]"}}, {"model": "admin.logentry", "pk": 486, "fields": {"action_time": "2020-05-16T08:37:07.349Z", "user": 1, "content_type": 7, "object_id": "5", "object_repr": "a@gmail.com", "action_flag": 2, "change_message": "[{\"changed\": {\"fields\": [\"Superuser status\"]}}]"}}, {"model": "admin.logentry", "pk": 487, "fields": {"action_time": "2020-05-16T08:37:54.823Z", "user": 5, "content_type": 38, "object_id": "3", "object_repr": "<p>Python machine learning th&igrave; qu&aacute; ngon <img alt=\"laugh\" src=\"http://127.0.0.1:8000/static/ckeditor/ckeditor/plugins/smiley/images/teeth_smile.png\" style=\"height:23px; width:23px\" title=", "action_flag": 1, "change_message": "[{\"added\": {}}]"}}, {"model": "admin.logentry", "pk": 488, "fields": {"action_time": "2020-05-26T14:40:50.611Z", "user": 5, "content_type": 13, "object_id": "1", "object_repr": "Python c\u01a1 b\u1ea3n", "action_flag": 2, "change_message": "[{\"changed\": {\"fields\": [\"Title\"]}}]"}}, {"model": "admin.logentry", "pk": 489, "fields": {"action_time": "2020-05-26T14:41:10.678Z", "user": 5, "content_type": 13, "object_id": "2", "object_repr": "Python trung c\u1ea5p", "action_flag": 2, "change_message": "[{\"changed\": {\"fields\": [\"Title\"]}}]"}}, {"model": "admin.logentry", "pk": 490, "fields": {"action_time": "2020-05-26T14:41:21.050Z", "user": 5, "content_type": 13, "object_id": "3", "object_repr": "Python n\u00e2ng cao", "action_flag": 2, "change_message": "[{\"changed\": {\"fields\": [\"Title\"]}}]"}}, {"model": "admin.logentry", "pk": 491, "fields": {"action_time": "2020-05-26T14:41:43.788Z", "user": 5, "content_type": 13, "object_id": "5", "object_repr": "C\u00e1c k\u1ef9 thu\u1eadt Python", "action_flag": 2, "change_message": "[{\"changed\": {\"fields\": [\"Title\"]}}]"}}, {"model": "admin.logentry", "pk": 492, "fields": {"action_time": "2020-05-26T14:41:56.617Z", "user": 5, "content_type": 13, "object_id": "6", "object_repr": "Javascript c\u01a1 b\u1ea3n", "action_flag": 2, "change_message": "[{\"changed\": {\"fields\": [\"Title\"]}}]"}}, {"model": "admin.logentry", "pk": 493, "fields": {"action_time": "2020-05-26T14:42:15.221Z", "user": 5, "content_type": 13, "object_id": "7", "object_repr": "L\u1eadp tr\u00ecnh web v\u1edbi Django", "action_flag": 2, "change_message": "[{\"changed\": {\"fields\": [\"Title\"]}}]"}}, {"model": "admin.logentry", "pk": 494, "fields": {"action_time": "2020-05-26T14:53:26.757Z", "user": 5, "content_type": 13, "object_id": "1", "object_repr": "Python c\u01a1 b\u1ea3n", "action_flag": 2, "change_message": "[]"}}, {"model": "admin.logentry", "pk": 495, "fields": {"action_time": "2020-05-26T14:53:44.754Z", "user": 5, "content_type": 13, "object_id": "2", "object_repr": "Python trung c\u1ea5p", "action_flag": 2, "change_message": "[]"}}, {"model": "admin.logentry", "pk": 496, "fields": {"action_time": "2020-05-26T14:53:51.712Z", "user": 5, "content_type": 13, "object_id": "3", "object_repr": "Python n\u00e2ng cao", "action_flag": 2, "change_message": "[]"}}, {"model": "admin.logentry", "pk": 497, "fields": {"action_time": "2020-05-26T14:53:55.720Z", "user": 5, "content_type": 13, "object_id": "5", "object_repr": "C\u00e1c k\u1ef9 thu\u1eadt Python", "action_flag": 2, "change_message": "[]"}}, {"model": "admin.logentry", "pk": 498, "fields": {"action_time": "2020-05-26T14:53:59.214Z", "user": 5, "content_type": 13, "object_id": "6", "object_repr": "Javascript c\u01a1 b\u1ea3n", "action_flag": 2, "change_message": "[]"}}, {"model": "admin.logentry", "pk": 499, "fields": {"action_time": "2020-05-26T14:54:03.632Z", "user": 5, "content_type": 13, "object_id": "7", "object_repr": "L\u1eadp tr\u00ecnh web v\u1edbi Django", "action_flag": 2, "change_message": "[]"}}]